Health Facility,Station,Year,Week,Pred_Cases,confidence_rate,confidence_pct,alert_threshold,action_threshold
ALWAYS FTC,ALWAYS FTC,2025,1,3,0.5378310956738211,53.8,3.1,3.1
ALWAYS FTC,ALWAYS FTC,2025,2,6,0.3252738066694953,32.5,3.4,3.4
ALWAYS FTC,ALWAYS FTC,2025,3,5,0.7342917897484519,73.4,7.0,7.0
ALWAYS FTC,ALWAYS FTC,2025,4,1,0.6570188237410604,65.7,6.8,6.8
ALWAYS FTC,ALWAYS FTC,2025,5,6,0.5473585486412048,54.7,4.363636363636363,4.363636363636363
ALWAYS FTC,ALWAYS FTC,2025,6,5,0.7861918687820434,78.6,4.818181818181818,4.818181818181818
ALWAYS FTC,ALWAYS FTC,2025,7,5,0.3,30.0,3.4545454545454546,3.4545454545454546
ALWAYS FTC,ALWAYS FTC,2025,8,5,0.3,30.0,1.7272727272727273,1.7272727272727273
ALWAYS FTC,ALWAYS FTC,2025,9,6,0.5026234626770019,50.3,1.5454545454545454,1.5454545454545454
ALWAYS FTC,ALWAYS FTC,2025,10,6,0.5764769554138183,57.6,4.181818181818182,4.181818181818182
ALWAYS FTC,ALWAYS FTC,2025,11,8,0.6730333626270294,67.3,8.090909090909092,8.090909090909092
ALWAYS FTC,ALWAYS FTC,2025,12,8,0.7121916770935058,71.2,9.363636363636363,9.363636363636363
ALWAYS FTC,ALWAYS FTC,2025,13,9,0.8691152731577554,86.9,18.90909090909091,18.90909090909091
ALWAYS FTC,ALWAYS FTC,2025,14,9,0.6636570215225219,66.4,16.272727272727273,16.272727272727273
ALWAYS FTC,ALWAYS FTC,2025,15,11,0.8520113945007324,85.2,36.90909090909091,36.90909090909091
ALWAYS FTC,ALWAYS FTC,2025,16,9,0.8192922174930573,81.9,35.90909090909091,35.90909090909091
ALWAYS FTC,ALWAYS FTC,2025,17,10,0.8507601579030355,85.1,45.81818181818182,45.81818181818182
ALWAYS FTC,ALWAYS FTC,2025,18,8,0.8510416965858609,85.1,49.36363636363637,49.36363636363637
ALWAYS FTC,ALWAYS FTC,2025,19,8,0.8309895118077595,83.1,40.09090909090909,40.09090909090909
ALWAYS FTC,ALWAYS FTC,2025,20,6,0.8236251910527546,82.4,33.90909090909091,33.90909090909091
ALWAYS FTC,ALWAYS FTC,2025,21,6,0.7002564907073974,70.0,17.0,17.0
ALWAYS FTC,ALWAYS FTC,2025,22,5,0.8388052558898926,83.9,20.181818181818183,20.181818181818183
ALWAYS FTC,ALWAYS FTC,2025,23,4,0.7688339333785208,76.9,18.0,18.0
ALWAYS FTC,ALWAYS FTC,2025,24,4,0.7329773247241973,73.3,7.818181818181818,7.818181818181818
ALWAYS FTC,ALWAYS FTC,2025,25,4,0.7411798795064289,74.1,5.545454545454546,5.545454545454546
ALWAYS FTC,ALWAYS FTC,2025,26,4,0.6806140032681551,68.1,4.363636363636363,4.363636363636363
ALWAYS FTC,ALWAYS FTC,2025,27,4,0.6365767955780028,63.7,4.0,4.0
ALWAYS FTC,ALWAYS FTC,2025,28,4,0.6149421215057373,61.5,2.8181818181818183,2.8181818181818183
ALWAYS FTC,ALWAYS FTC,2025,29,4,0.5976054430007934,59.8,1.8181818181818181,1.8181818181818181
ALWAYS FTC,ALWAYS FTC,2025,30,4,0.3,30.0,1.8181818181818181,1.8181818181818181
ALWAYS FTC,ALWAYS FTC,2025,31,4,0.47433034181594846,47.4,1.4545454545454546,1.4545454545454546
ALWAYS FTC,ALWAYS FTC,2025,32,3,0.4868069291114807,48.7,1.1818181818181819,1.1818181818181819
ALWAYS FTC,ALWAYS FTC,2025,33,4,0.6355950474739074,63.6,3.3636363636363638,3.3636363636363638
ALWAYS FTC,ALWAYS FTC,2025,34,4,0.5144841730594635,51.4,2.909090909090909,2.909090909090909
ALWAYS FTC,ALWAYS FTC,2025,35,4,0.3,30.0,2.1818181818181817,2.1818181818181817
ALWAYS FTC,ALWAYS FTC,2025,36,4,0.6168979406356812,61.7,3.909090909090909,3.909090909090909
ALWAYS FTC,ALWAYS FTC,2025,37,5,0.7748629570007324,77.5,4.545454545454546,4.545454545454546
ALWAYS FTC,ALWAYS FTC,2025,38,5,0.7580367777082655,75.8,5.090909090909091,5.090909090909091
ALWAYS FTC,ALWAYS FTC,2025,39,5,0.7360683039615028,73.6,6.363636363636363,6.363636363636363
ALWAYS FTC,ALWAYS FTC,2025,40,5,0.8076990699768067,80.8,6.818181818181818,6.818181818181818
ALWAYS FTC,ALWAYS FTC,2025,41,3,0.805849838256836,80.6,4.454545454545454,4.454545454545454
ALWAYS FTC,ALWAYS FTC,2025,42,2,0.7041949987411499,70.4,2.909090909090909,2.909090909090909
ALWAYS FTC,ALWAYS FTC,2025,43,2,0.5514484167098999,55.1,3.0,3.0
ALWAYS FTC,ALWAYS FTC,2025,44,2,0.551189911365509,55.1,3.0,3.0
ALWAYS FTC,ALWAYS FTC,2025,45,2,0.8090562105178833,80.9,1.0909090909090908,1.0909090909090908
ALWAYS FTC,ALWAYS FTC,2025,46,2,0.3533029973506927,35.3,1.4545454545454546,1.4545454545454546
ALWAYS FTC,ALWAYS FTC,2025,47,2,0.49613762497901914,49.6,1.1818181818181819,1.1818181818181819
ALWAYS FTC,ALWAYS FTC,2025,48,2,0.4815735399723053,48.2,1.2727272727272727,1.2727272727272727
ALWAYS FTC,ALWAYS FTC,2025,49,3,0.5252388417720795,52.5,0.7272727272727273,0.7272727272727273
ALWAYS FTC,ALWAYS FTC,2025,50,3,0.5221052837371826,52.2,2.5454545454545454,2.5454545454545454
ALWAYS FTC,ALWAYS FTC,2025,51,3,0.5752211272716522,57.5,1.5454545454545454,1.5454545454545454
ALWAYS FTC,ALWAYS FTC,2025,52,5,0.6509129047393798,65.1,2.272727272727273,2.272727272727273
CHIDIKAMWEDZI FTC,CHIDIKAMWEDZI FTC,2025,1,1,0.6107000448487021,61.1,1.5,1.5
CHIDIKAMWEDZI FTC,CHIDIKAMWEDZI FTC,2025,2,1,0.6074148186228492,60.7,1.0,1.0
CHIDIKAMWEDZI FTC,CHIDIKAMWEDZI FTC,2025,3,1,0.6244009696624495,62.4,1.3,1.3
CHIDIKAMWEDZI FTC,CHIDIKAMWEDZI FTC,2025,4,1,0.6102402337572791,61.0,1.2,1.2
CHIDIKAMWEDZI FTC,CHIDIKAMWEDZI FTC,2025,5,4,0.5066521763801575,50.7,1.6363636363636365,1.6363636363636365
CHIDIKAMWEDZI FTC,CHIDIKAMWEDZI FTC,2025,6,4,0.4625142753124237,46.3,1.1818181818181819,1.1818181818181819
CHIDIKAMWEDZI FTC,CHIDIKAMWEDZI FTC,2025,7,4,0.41858232021331787,41.9,1.0909090909090908,1.0909090909090908
CHIDIKAMWEDZI FTC,CHIDIKAMWEDZI FTC,2025,8,4,0.455694442987442,45.6,0.5454545454545454,0.5454545454545454
CHIDIKAMWEDZI FTC,CHIDIKAMWEDZI FTC,2025,9,4,0.4147538363933563,41.5,0.2727272727272727,0.2727272727272727
CHIDIKAMWEDZI FTC,CHIDIKAMWEDZI FTC,2025,10,5,0.5935861587524414,59.4,1.4545454545454546,1.4545454545454546
CHIDIKAMWEDZI FTC,CHIDIKAMWEDZI FTC,2025,11,5,0.4553116738796234,45.5,0.7272727272727273,0.7272727272727273
CHIDIKAMWEDZI FTC,CHIDIKAMWEDZI FTC,2025,12,6,0.48610134720802306,48.6,1.3636363636363635,1.3636363636363635
CHIDIKAMWEDZI FTC,CHIDIKAMWEDZI FTC,2025,13,6,0.6918052375316619,69.2,2.272727272727273,2.272727272727273
CHIDIKAMWEDZI FTC,CHIDIKAMWEDZI FTC,2025,14,7,0.34876371622085567,34.9,2.0,2.0
CHIDIKAMWEDZI FTC,CHIDIKAMWEDZI FTC,2025,15,7,0.4251810610294342,42.5,4.0,4.0
CHIDIKAMWEDZI FTC,CHIDIKAMWEDZI FTC,2025,16,6,0.6941379706064861,69.4,9.363636363636363,9.363636363636363
CHIDIKAMWEDZI FTC,CHIDIKAMWEDZI FTC,2025,17,7,0.7954853614171344,79.5,8.545454545454545,8.545454545454545
CHIDIKAMWEDZI FTC,CHIDIKAMWEDZI FTC,2025,18,6,0.728514814376831,72.9,6.181818181818182,6.181818181818182
CHIDIKAMWEDZI FTC,CHIDIKAMWEDZI FTC,2025,19,6,0.7280149030685424,72.8,11.727272727272727,11.727272727272727
CHIDIKAMWEDZI FTC,CHIDIKAMWEDZI FTC,2025,20,4,0.6022839546203613,60.2,4.181818181818182,4.181818181818182
CHIDIKAMWEDZI FTC,CHIDIKAMWEDZI FTC,2025,21,4,0.7685561736424763,76.9,7.636363636363637,7.636363636363637
CHIDIKAMWEDZI FTC,CHIDIKAMWEDZI FTC,2025,22,4,0.5788131051593357,57.9,3.4545454545454546,3.4545454545454546
CHIDIKAMWEDZI FTC,CHIDIKAMWEDZI FTC,2025,23,3,0.5302562713623047,53.0,3.090909090909091,3.090909090909091
CHIDIKAMWEDZI FTC,CHIDIKAMWEDZI FTC,2025,24,3,0.7490935981273651,74.9,1.2727272727272727,1.2727272727272727
CHIDIKAMWEDZI FTC,CHIDIKAMWEDZI FTC,2025,25,3,0.5001190662384033,50.0,1.0,1.0
CHIDIKAMWEDZI FTC,CHIDIKAMWEDZI FTC,2025,26,4,0.6134610851605733,61.3,1.2727272727272727,1.2727272727272727
CHIDIKAMWEDZI FTC,CHIDIKAMWEDZI FTC,2025,27,4,0.46761857271194457,46.8,1.6363636363636365,1.6363636363636365
CHIDIKAMWEDZI FTC,CHIDIKAMWEDZI FTC,2025,28,3,0.6750605702400208,67.5,1.8181818181818181,1.8181818181818181
CHIDIKAMWEDZI FTC,CHIDIKAMWEDZI FTC,2025,29,3,0.5235078692436218,52.4,1.2727272727272727,1.2727272727272727
CHIDIKAMWEDZI FTC,CHIDIKAMWEDZI FTC,2025,30,3,0.6579989314079284,65.8,1.3636363636363635,1.3636363636363635
CHIDIKAMWEDZI FTC,CHIDIKAMWEDZI FTC,2025,31,3,0.7059855937957764,70.6,0.7272727272727273,0.7272727272727273
CHIDIKAMWEDZI FTC,CHIDIKAMWEDZI FTC,2025,32,2,0.5829272449016571,58.3,0.18181818181818182,0.18181818181818182
CHIDIKAMWEDZI FTC,CHIDIKAMWEDZI FTC,2025,33,3,0.6531323939561844,65.3,1.1818181818181819,1.1818181818181819
CHIDIKAMWEDZI FTC,CHIDIKAMWEDZI FTC,2025,34,3,0.675344517827034,67.5,0.45454545454545453,0.45454545454545453
CHIDIKAMWEDZI FTC,CHIDIKAMWEDZI FTC,2025,35,3,0.6086553454399108,60.9,0.9090909090909091,0.9090909090909091
CHIDIKAMWEDZI FTC,CHIDIKAMWEDZI FTC,2025,36,3,0.6666946411132812,66.7,1.1818181818181819,1.1818181818181819
CHIDIKAMWEDZI FTC,CHIDIKAMWEDZI FTC,2025,37,4,0.4879354596138,48.8,1.4545454545454546,1.4545454545454546
CHIDIKAMWEDZI FTC,CHIDIKAMWEDZI FTC,2025,38,4,0.42607698440551756,42.6,2.727272727272727,2.727272727272727
CHIDIKAMWEDZI FTC,CHIDIKAMWEDZI FTC,2025,39,4,0.3,30.0,1.1818181818181819,1.1818181818181819
CHIDIKAMWEDZI FTC,CHIDIKAMWEDZI FTC,2025,40,4,0.5735937118530273,57.4,1.5454545454545454,1.5454545454545454
CHIDIKAMWEDZI FTC,CHIDIKAMWEDZI FTC,2025,41,3,0.3671034216880798,36.7,1.9090909090909092,1.9090909090909092
CHIDIKAMWEDZI FTC,CHIDIKAMWEDZI FTC,2025,42,2,0.634292072057724,63.4,1.3636363636363635,1.3636363636363635
CHIDIKAMWEDZI FTC,CHIDIKAMWEDZI FTC,2025,43,2,0.5730087518692016,57.3,0.5454545454545454,0.5454545454545454
CHIDIKAMWEDZI FTC,CHIDIKAMWEDZI FTC,2025,44,2,0.6233498573303222,62.3,0.45454545454545453,0.45454545454545453
CHIDIKAMWEDZI FTC,CHIDIKAMWEDZI FTC,2025,45,2,0.620621782541275,62.1,1.0909090909090908,1.0909090909090908
CHIDIKAMWEDZI FTC,CHIDIKAMWEDZI FTC,2025,46,2,0.6868638277053833,68.7,0.5454545454545454,0.5454545454545454
CHIDIKAMWEDZI FTC,CHIDIKAMWEDZI FTC,2025,47,2,0.7312602669000625,73.1,1.0,1.0
CHIDIKAMWEDZI FTC,CHIDIKAMWEDZI FTC,2025,48,2,0.7177678436040877,71.8,0.5454545454545454,0.5454545454545454
CHIDIKAMWEDZI FTC,CHIDIKAMWEDZI FTC,2025,49,2,0.7170744657516479,71.7,0.2727272727272727,0.2727272727272727
CHIDIKAMWEDZI FTC,CHIDIKAMWEDZI FTC,2025,50,2,0.6929240047931671,69.3,0.6363636363636364,0.6363636363636364
CHIDIKAMWEDZI FTC,CHIDIKAMWEDZI FTC,2025,51,2,0.6918494641780852,69.2,0.18181818181818182,0.18181818181818182
CHIDIKAMWEDZI FTC,CHIDIKAMWEDZI FTC,2025,52,3,0.7609480082988739,76.1,0.8181818181818182,0.8181818181818182
CHINYANI FTC,CHINYANI FTC,2025,1,6,0.7870458160492187,78.7,18.9,18.9
CHINYANI FTC,CHINYANI FTC,2025,2,10,0.7387714958592295,73.9,19.1,19.1
CHINYANI FTC,CHINYANI FTC,2025,3,2,0.5396892318462991,54.0,16.0,16.0
CHINYANI FTC,CHINYANI FTC,2025,4,2,0.8208239017110881,82.1,14.0,14.0
CHINYANI FTC,CHINYANI FTC,2025,5,7,0.43903900782267247,43.9,17.272727272727273,17.272727272727273
CHINYANI FTC,CHINYANI FTC,2025,6,7,0.7024122324856845,70.2,18.181818181818183,18.181818181818183
CHINYANI FTC,CHINYANI FTC,2025,7,7,0.6211758422851562,62.1,13.727272727272727,13.727272727272727
CHINYANI FTC,CHINYANI FTC,2025,8,7,0.7916961002349854,79.2,11.818181818181818,11.818181818181818
CHINYANI FTC,CHINYANI FTC,2025,9,7,0.7643928196119225,76.4,15.454545454545455,15.454545454545455
CHINYANI FTC,CHINYANI FTC,2025,10,8,0.5542037487030029,55.4,11.363636363636363,11.363636363636363
CHINYANI FTC,CHINYANI FTC,2025,11,9,0.726247511411968,72.6,15.363636363636363,15.363636363636363
CHINYANI FTC,CHINYANI FTC,2025,12,9,0.6724960645039875,67.2,24.636363636363637,24.636363636363637
CHINYANI FTC,CHINYANI FTC,2025,13,10,0.8332432349522909,83.3,22.90909090909091,22.90909090909091
CHINYANI FTC,CHINYANI FTC,2025,14,11,0.8702615808557581,87.0,31.90909090909091,31.90909090909091
CHINYANI FTC,CHINYANI FTC,2025,15,12,0.8639502406120301,86.4,63.0,63.0
CHINYANI FTC,CHINYANI FTC,2025,16,10,0.8319924019478462,83.2,55.18181818181818,55.18181818181818
CHINYANI FTC,CHINYANI FTC,2025,17,11,0.8873082679614686,88.7,88.45454545454545,88.45454545454545
CHINYANI FTC,CHINYANI FTC,2025,18,9,0.9414314047804155,94.1,80.36363636363636,80.36363636363636
CHINYANI FTC,CHINYANI FTC,2025,19,9,0.871263794160225,87.1,93.36363636363636,93.36363636363636
CHINYANI FTC,CHINYANI FTC,2025,20,7,0.8315483093261717,83.2,47.18181818181818,47.18181818181818
CHINYANI FTC,CHINYANI FTC,2025,21,7,0.8661117093316439,86.6,46.81818181818182,46.81818181818182
CHINYANI FTC,CHINYANI FTC,2025,22,6,0.9012720743815104,90.1,30.272727272727273,30.272727272727273
CHINYANI FTC,CHINYANI FTC,2025,23,5,0.8589964133042556,85.9,19.09090909090909,19.09090909090909
CHINYANI FTC,CHINYANI FTC,2025,24,5,0.8114814440409344,81.1,16.09090909090909,16.09090909090909
CHINYANI FTC,CHINYANI FTC,2025,25,5,0.8054994702339171,80.5,9.272727272727273,9.272727272727273
CHINYANI FTC,CHINYANI FTC,2025,26,5,0.7321311076482135,73.2,6.7272727272727275,6.7272727272727275
CHINYANI FTC,CHINYANI FTC,2025,27,5,0.6911068201065063,69.1,5.636363636363637,5.636363636363637
CHINYANI FTC,CHINYANI FTC,2025,28,5,0.3,30.0,4.636363636363637,4.636363636363637
CHINYANI FTC,CHINYANI FTC,2025,29,4,0.7240523179372151,72.4,5.363636363636363,5.363636363636363
CHINYANI FTC,CHINYANI FTC,2025,30,4,0.4469852983951568,44.7,2.090909090909091,2.090909090909091
CHINYANI FTC,CHINYANI FTC,2025,31,4,0.4786117315292358,47.9,2.272727272727273,2.272727272727273
CHINYANI FTC,CHINYANI FTC,2025,32,4,0.8209810495376586,82.1,1.7272727272727273,1.7272727272727273
CHINYANI FTC,CHINYANI FTC,2025,33,4,0.6306055307388305,63.1,2.5454545454545454,2.5454545454545454
CHINYANI FTC,CHINYANI FTC,2025,34,5,0.7125437378883361,71.3,2.3636363636363638,2.3636363636363638
CHINYANI FTC,CHINYANI FTC,2025,35,5,0.4614996910095215,46.1,3.909090909090909,3.909090909090909
CHINYANI FTC,CHINYANI FTC,2025,36,5,0.6160411596298218,61.6,3.6363636363636362,3.6363636363636362
CHINYANI FTC,CHINYANI FTC,2025,37,6,0.6956701040267944,69.6,6.454545454545454,6.454545454545454
CHINYANI FTC,CHINYANI FTC,2025,38,6,0.5887543559074402,58.9,5.2727272727272725,5.2727272727272725
CHINYANI FTC,CHINYANI FTC,2025,39,6,0.7998947525024414,80.0,4.909090909090909,4.909090909090909
CHINYANI FTC,CHINYANI FTC,2025,40,5,0.6248611291249593,62.5,8.0,8.0
CHINYANI FTC,CHINYANI FTC,2025,41,4,0.5224028000464807,52.2,4.454545454545454,4.454545454545454
CHINYANI FTC,CHINYANI FTC,2025,42,2,0.3,30.0,2.909090909090909,2.909090909090909
CHINYANI FTC,CHINYANI FTC,2025,43,2,0.3,30.0,2.090909090909091,2.090909090909091
CHINYANI FTC,CHINYANI FTC,2025,44,2,0.5917067348957061,59.2,1.7272727272727273,1.7272727272727273
CHINYANI FTC,CHINYANI FTC,2025,45,2,0.5452684640884399,54.5,1.4545454545454546,1.4545454545454546
CHINYANI FTC,CHINYANI FTC,2025,46,2,0.3,30.0,1.2727272727272727,1.2727272727272727
CHINYANI FTC,CHINYANI FTC,2025,47,2,0.5781472706794738,57.8,2.909090909090909,2.909090909090909
CHINYANI FTC,CHINYANI FTC,2025,48,2,0.3,30.0,0.8181818181818182,0.8181818181818182
CHINYANI FTC,CHINYANI FTC,2025,49,3,0.6373349279165268,63.7,4.545454545454546,4.545454545454546
CHINYANI FTC,CHINYANI FTC,2025,50,3,0.5645476102828979,56.5,3.4545454545454546,3.4545454545454546
CHINYANI FTC,CHINYANI FTC,2025,51,4,0.5601888155937195,56.0,2.3636363636363638,2.3636363636363638
CHINYANI FTC,CHINYANI FTC,2025,52,5,0.5425955057144165,54.3,4.363636363636363,4.363636363636363
Chadereka RHC,Chadereka RHC,2025,1,6,0.6120906669082062,61.2,7.8,7.8
Chadereka RHC,Chadereka RHC,2025,2,9,0.7549198857729691,75.5,13.9,13.9
Chadereka RHC,Chadereka RHC,2025,3,8,0.7751519992134787,77.5,15.3,15.3
Chadereka RHC,Chadereka RHC,2025,4,2,0.8349413087151266,83.5,16.6,16.6
Chadereka RHC,Chadereka RHC,2025,5,6,0.6675186157226562,66.8,15.454545454545455,15.454545454545455
Chadereka RHC,Chadereka RHC,2025,6,6,0.8217974901199341,82.2,14.545454545454545,14.545454545454545
Chadereka RHC,Chadereka RHC,2025,7,5,0.7502130079269409,75.0,18.636363636363637,18.636363636363637
Chadereka RHC,Chadereka RHC,2025,8,5,0.8891665935516357,88.9,17.636363636363637,17.636363636363637
Chadereka RHC,Chadereka RHC,2025,9,6,0.7756483078002929,77.6,23.454545454545453,23.454545454545453
Chadereka RHC,Chadereka RHC,2025,10,7,0.861336924235026,86.1,40.54545454545455,40.54545454545455
Chadereka RHC,Chadereka RHC,2025,11,8,0.8088287353515624,80.9,44.45454545454545,44.45454545454545
Chadereka RHC,Chadereka RHC,2025,12,8,0.8665940984090168,86.7,51.45454545454545,51.45454545454545
Chadereka RHC,Chadereka RHC,2025,13,10,0.9235126158248546,92.4,70.0,70.0
Chadereka RHC,Chadereka RHC,2025,14,9,0.9126702499389647,91.3,120.0,120.0
Chadereka RHC,Chadereka RHC,2025,15,11,0.9331806394788953,93.3,93.18181818181819,93.18181818181819
Chadereka RHC,Chadereka RHC,2025,16,8,0.8916296320376187,89.2,83.18181818181819,83.18181818181819
Chadereka RHC,Chadereka RHC,2025,17,9,0.9306479654598645,93.1,129.27272727272728,129.27272727272728
Chadereka RHC,Chadereka RHC,2025,18,7,0.9359534625349373,93.6,125.36363636363636,125.36363636363636
Chadereka RHC,Chadereka RHC,2025,19,7,0.912884033203125,91.3,100.54545454545455,100.54545454545455
Chadereka RHC,Chadereka RHC,2025,20,6,0.8836432961856617,88.4,72.63636363636364,72.63636363636364
Chadereka RHC,Chadereka RHC,2025,21,5,0.8958265075683594,89.6,58.90909090909091,58.90909090909091
Chadereka RHC,Chadereka RHC,2025,22,5,0.891945571899414,89.2,48.45454545454545,48.45454545454545
Chadereka RHC,Chadereka RHC,2025,23,4,0.8318327109018961,83.2,52.18181818181818,52.18181818181818
Chadereka RHC,Chadereka RHC,2025,24,4,0.7425831900702582,74.3,43.81818181818182,43.81818181818182
Chadereka RHC,Chadereka RHC,2025,25,4,0.7876536475287543,78.8,28.09090909090909,28.09090909090909
Chadereka RHC,Chadereka RHC,2025,26,4,0.816324296108512,81.6,23.0,23.0
Chadereka RHC,Chadereka RHC,2025,27,5,0.7701923370361328,77.0,25.90909090909091,25.90909090909091
Chadereka RHC,Chadereka RHC,2025,28,4,0.855524109957511,85.6,24.545454545454547,24.545454545454547
Chadereka RHC,Chadereka RHC,2025,29,4,0.6841660857200622,68.4,17.818181818181817,17.818181818181817
Chadereka RHC,Chadereka RHC,2025,30,3,0.8738616891809412,87.4,16.90909090909091,16.90909090909091
Chadereka RHC,Chadereka RHC,2025,31,4,0.6702842426300049,67.0,9.545454545454545,9.545454545454545
Chadereka RHC,Chadereka RHC,2025,32,3,0.6713716840744018,67.1,6.0,6.0
Chadereka RHC,Chadereka RHC,2025,33,3,0.6021379566192626,60.2,9.272727272727273,9.272727272727273
Chadereka RHC,Chadereka RHC,2025,34,3,0.7198843219063498,72.0,8.272727272727273,8.272727272727273
Chadereka RHC,Chadereka RHC,2025,35,3,0.3,30.0,3.6363636363636362,3.6363636363636362
Chadereka RHC,Chadereka RHC,2025,36,4,0.7093539237976074,70.9,9.181818181818182,9.181818181818182
Chadereka RHC,Chadereka RHC,2025,37,5,0.7039078315099079,70.4,12.090909090909092,12.090909090909092
Chadereka RHC,Chadereka RHC,2025,38,5,0.774799919128418,77.5,8.363636363636363,8.363636363636363
Chadereka RHC,Chadereka RHC,2025,39,5,0.7306142449378967,73.1,10.181818181818182,10.181818181818182
Chadereka RHC,Chadereka RHC,2025,40,5,0.7416001319885254,74.2,6.181818181818182,6.181818181818182
Chadereka RHC,Chadereka RHC,2025,41,4,0.7923525723544034,79.2,7.0,7.0
Chadereka RHC,Chadereka RHC,2025,42,2,0.5498999953269958,55.0,3.727272727272727,3.727272727272727
Chadereka RHC,Chadereka RHC,2025,43,2,0.637863540649414,63.8,2.5454545454545454,2.5454545454545454
Chadereka RHC,Chadereka RHC,2025,44,2,0.5461043013466729,54.6,2.4545454545454546,2.4545454545454546
Chadereka RHC,Chadereka RHC,2025,45,2,0.5913796424865723,59.1,2.3636363636363638,2.3636363636363638
Chadereka RHC,Chadereka RHC,2025,46,2,0.6485384553670883,64.9,2.0,2.0
Chadereka RHC,Chadereka RHC,2025,47,2,0.6628746271133423,66.3,1.1818181818181819,1.1818181818181819
Chadereka RHC,Chadereka RHC,2025,48,2,0.34621192216873165,34.6,1.0,1.0
Chadereka RHC,Chadereka RHC,2025,49,3,0.7360423147678374,73.6,1.1818181818181819,1.1818181818181819
Chadereka RHC,Chadereka RHC,2025,50,3,0.7656424442927043,76.6,2.0,2.0
Chadereka RHC,Chadereka RHC,2025,51,3,0.3,30.0,1.4545454545454546,1.4545454545454546
Chadereka RHC,Chadereka RHC,2025,52,5,0.6972511649131774,69.7,4.545454545454546,4.545454545454546
Chawarura RHC,Chawarura RHC,2025,1,7,0.4078982569954612,40.8,12.8,12.8
Chawarura RHC,Chawarura RHC,2025,2,8,0.6954367247494784,69.5,13.1,13.1
Chawarura RHC,Chawarura RHC,2025,3,6,0.7579676368019798,75.8,13.9,13.9
Chawarura RHC,Chawarura RHC,2025,4,1,0.61197007015498,61.2,9.9,9.9
Chawarura RHC,Chawarura RHC,2025,5,6,0.35986719131469724,36.0,4.454545454545454,4.454545454545454
Chawarura RHC,Chawarura RHC,2025,6,5,0.6285070514678954,62.9,7.636363636363637,7.636363636363637
Chawarura RHC,Chawarura RHC,2025,7,5,0.70429381052653,70.4,8.181818181818182,8.181818181818182
Chawarura RHC,Chawarura RHC,2025,8,5,0.5909331348207262,59.1,7.363636363636363,7.363636363636363
Chawarura RHC,Chawarura RHC,2025,9,6,0.5118749618530273,51.2,5.818181818181818,5.818181818181818
Chawarura RHC,Chawarura RHC,2025,10,6,0.6176058381795884,61.8,8.363636363636363,8.363636363636363
Chawarura RHC,Chawarura RHC,2025,11,7,0.6814448118209839,68.1,15.363636363636363,15.363636363636363
Chawarura RHC,Chawarura RHC,2025,12,8,0.4717614078521728,47.2,24.272727272727273,24.272727272727273
Chawarura RHC,Chawarura RHC,2025,13,10,0.8121842720139194,81.2,36.72727272727273,36.72727272727273
Chawarura RHC,Chawarura RHC,2025,14,10,0.9052678841810959,90.5,43.27272727272727,43.27272727272727
Chawarura RHC,Chawarura RHC,2025,15,12,0.8834999802533317,88.3,84.81818181818181,84.81818181818181
Chawarura RHC,Chawarura RHC,2025,16,10,0.8896742541973408,89.0,99.45454545454545,99.45454545454545
Chawarura RHC,Chawarura RHC,2025,17,10,0.8540198189871651,85.4,112.72727272727273,112.72727272727273
Chawarura RHC,Chawarura RHC,2025,18,9,0.9501043531629774,95.0,120.54545454545455,120.54545454545455
Chawarura RHC,Chawarura RHC,2025,19,9,0.8432508769788241,84.3,99.72727272727273,99.72727272727273
Chawarura RHC,Chawarura RHC,2025,20,7,0.8847804462208466,88.5,81.0909090909091,81.0909090909091
Chawarura RHC,Chawarura RHC,2025,21,7,0.8684342558487601,86.8,57.0,57.0
Chawarura RHC,Chawarura RHC,2025,22,6,0.95231995900472,95.2,41.90909090909091,41.90909090909091
Chawarura RHC,Chawarura RHC,2025,23,5,0.9013302634744083,90.1,37.45454545454545,37.45454545454545
Chawarura RHC,Chawarura RHC,2025,24,5,0.84901535727761,84.9,24.09090909090909,24.09090909090909
Chawarura RHC,Chawarura RHC,2025,25,4,0.8243265533447266,82.4,18.545454545454547,18.545454545454547
Chawarura RHC,Chawarura RHC,2025,26,5,0.8743019739786784,87.4,12.909090909090908,12.909090909090908
Chawarura RHC,Chawarura RHC,2025,27,5,0.3,30.0,6.818181818181818,6.818181818181818
Chawarura RHC,Chawarura RHC,2025,28,4,0.7152478731595553,71.5,6.818181818181818,6.818181818181818
Chawarura RHC,Chawarura RHC,2025,29,4,0.7544928333976052,75.4,5.909090909090909,5.909090909090909
Chawarura RHC,Chawarura RHC,2025,30,4,0.5931001663208008,59.3,4.2727272727272725,4.2727272727272725
Chawarura RHC,Chawarura RHC,2025,31,4,0.40904371738433837,40.9,5.2727272727272725,5.2727272727272725
Chawarura RHC,Chawarura RHC,2025,32,4,0.4143934726715088,41.4,2.272727272727273,2.272727272727273
Chawarura RHC,Chawarura RHC,2025,33,4,0.6882543802261352,68.8,3.3636363636363638,3.3636363636363638
Chawarura RHC,Chawarura RHC,2025,34,5,0.72145916223526,72.1,5.545454545454546,5.545454545454546
Chawarura RHC,Chawarura RHC,2025,35,5,0.6277182362296364,62.8,8.272727272727273,8.272727272727273
Chawarura RHC,Chawarura RHC,2025,36,5,0.6537512063980102,65.4,8.727272727272727,8.727272727272727
Chawarura RHC,Chawarura RHC,2025,37,9,0.8298380851745604,83.0,15.545454545454545,15.545454545454545
Chawarura RHC,Chawarura RHC,2025,38,9,0.8788562701298639,87.9,18.272727272727273,18.272727272727273
Chawarura RHC,Chawarura RHC,2025,39,8,0.7753419208526611,77.5,14.545454545454545,14.545454545454545
Chawarura RHC,Chawarura RHC,2025,40,8,0.796793835957845,79.7,19.181818181818183,19.181818181818183
Chawarura RHC,Chawarura RHC,2025,41,6,0.8631303787231446,86.3,13.818181818181818,13.818181818181818
Chawarura RHC,Chawarura RHC,2025,42,3,0.8599235229492186,86.0,9.272727272727273,9.272727272727273
Chawarura RHC,Chawarura RHC,2025,43,2,0.7818419694900512,78.2,5.636363636363637,5.636363636363637
Chawarura RHC,Chawarura RHC,2025,44,2,0.5618844985961914,56.2,4.636363636363637,4.636363636363637
Chawarura RHC,Chawarura RHC,2025,45,2,0.7901519894599914,79.0,4.2727272727272725,4.2727272727272725
Chawarura RHC,Chawarura RHC,2025,46,2,0.6565958711836073,65.7,3.272727272727273,3.272727272727273
Chawarura RHC,Chawarura RHC,2025,47,2,0.3276207089424133,32.8,2.272727272727273,2.272727272727273
Chawarura RHC,Chawarura RHC,2025,48,3,0.7216836333274841,72.2,5.545454545454546,5.545454545454546
Chawarura RHC,Chawarura RHC,2025,49,3,0.7370822819796474,73.7,7.909090909090909,7.909090909090909
Chawarura RHC,Chawarura RHC,2025,50,3,0.3,30.0,4.363636363636363,4.363636363636363
Chawarura RHC,Chawarura RHC,2025,51,4,0.6650735815366109,66.5,8.545454545454545,8.545454545454545
Chawarura RHC,Chawarura RHC,2025,52,5,0.5474376142024994,54.7,10.272727272727273,10.272727272727273
Chiwenga RHC,Chiwenga RHC,2025,1,6,0.7667689024318347,76.7,6.8,6.8
Chiwenga RHC,Chiwenga RHC,2025,2,8,0.764892945506356,76.5,10.1,10.1
Chiwenga RHC,Chiwenga RHC,2025,3,7,0.7872552644563267,78.7,13.8,13.8
Chiwenga RHC,Chiwenga RHC,2025,4,1,0.7909150236032225,79.1,12.1,12.1
Chiwenga RHC,Chiwenga RHC,2025,5,6,0.7282200442420113,72.8,16.636363636363637,16.636363636363637
Chiwenga RHC,Chiwenga RHC,2025,6,6,0.7726986944675445,77.3,19.818181818181817,19.818181818181817
Chiwenga RHC,Chiwenga RHC,2025,7,5,0.8177994012832641,81.8,19.545454545454547,19.545454545454547
Chiwenga RHC,Chiwenga RHC,2025,8,5,0.7680572340223524,76.8,9.272727272727273,9.272727272727273
Chiwenga RHC,Chiwenga RHC,2025,9,6,0.8718516230583191,87.2,25.363636363636363,25.363636363636363
Chiwenga RHC,Chiwenga RHC,2025,10,6,0.842397792637348,84.2,42.36363636363637,42.36363636363637
Chiwenga RHC,Chiwenga RHC,2025,11,7,0.8385317578911782,83.9,49.27272727272727,49.27272727272727
Chiwenga RHC,Chiwenga RHC,2025,12,8,0.8295160412788392,83.0,50.90909090909091,50.90909090909091
Chiwenga RHC,Chiwenga RHC,2025,13,9,0.8717837697155071,87.2,70.27272727272727,70.27272727272727
Chiwenga RHC,Chiwenga RHC,2025,14,8,0.9134437490392613,91.3,53.45454545454545,53.45454545454545
Chiwenga RHC,Chiwenga RHC,2025,15,9,0.8211487503051758,82.1,52.18181818181818,52.18181818181818
Chiwenga RHC,Chiwenga RHC,2025,16,7,0.910310067070855,91.0,40.54545454545455,40.54545454545455
Chiwenga RHC,Chiwenga RHC,2025,17,8,0.8498775122300635,85.0,68.18181818181819,68.18181818181819
Chiwenga RHC,Chiwenga RHC,2025,18,7,0.8775671973824501,87.8,84.54545454545455,84.54545454545455
Chiwenga RHC,Chiwenga RHC,2025,19,7,0.8895682334899901,89.0,50.18181818181818,50.18181818181818
Chiwenga RHC,Chiwenga RHC,2025,20,6,0.8929052174091339,89.3,46.09090909090909,46.09090909090909
Chiwenga RHC,Chiwenga RHC,2025,21,5,0.9001025721430778,90.0,35.90909090909091,35.90909090909091
Chiwenga RHC,Chiwenga RHC,2025,22,4,0.8784181785583496,87.8,24.09090909090909,24.09090909090909
Chiwenga RHC,Chiwenga RHC,2025,23,4,0.8765660034982781,87.7,19.272727272727273,19.272727272727273
Chiwenga RHC,Chiwenga RHC,2025,24,4,0.8751437266667683,87.5,18.09090909090909,18.09090909090909
Chiwenga RHC,Chiwenga RHC,2025,25,4,0.7698233604431152,77.0,15.636363636363637,15.636363636363637
Chiwenga RHC,Chiwenga RHC,2025,26,4,0.7677037398020427,76.8,9.545454545454545,9.545454545454545
Chiwenga RHC,Chiwenga RHC,2025,27,4,0.8657756328582764,86.6,11.909090909090908,11.909090909090908
Chiwenga RHC,Chiwenga RHC,2025,28,4,0.8263768672943115,82.6,6.818181818181818,6.818181818181818
Chiwenga RHC,Chiwenga RHC,2025,29,3,0.7465132236480713,74.7,4.090909090909091,4.090909090909091
Chiwenga RHC,Chiwenga RHC,2025,30,3,0.6388018131256104,63.9,6.0,6.0
Chiwenga RHC,Chiwenga RHC,2025,31,4,0.704823225736618,70.5,4.7272727272727275,4.7272727272727275
Chiwenga RHC,Chiwenga RHC,2025,32,3,0.7038231611251831,70.4,3.5454545454545454,3.5454545454545454
Chiwenga RHC,Chiwenga RHC,2025,33,3,0.7693320035934448,76.9,4.181818181818182,4.181818181818182
Chiwenga RHC,Chiwenga RHC,2025,34,4,0.7979681968688964,79.8,5.090909090909091,5.090909090909091
Chiwenga RHC,Chiwenga RHC,2025,35,4,0.8920811748504638,89.2,3.909090909090909,3.909090909090909
Chiwenga RHC,Chiwenga RHC,2025,36,4,0.5022715409596761,50.2,2.4545454545454546,2.4545454545454546
Chiwenga RHC,Chiwenga RHC,2025,37,5,0.8072897481918335,80.7,3.6363636363636362,3.6363636363636362
Chiwenga RHC,Chiwenga RHC,2025,38,5,0.8501633644104003,85.0,4.545454545454546,4.545454545454546
Chiwenga RHC,Chiwenga RHC,2025,39,6,0.8301582733790078,83.0,7.909090909090909,7.909090909090909
Chiwenga RHC,Chiwenga RHC,2025,40,5,0.3,30.0,2.3636363636363638,2.3636363636363638
Chiwenga RHC,Chiwenga RHC,2025,41,4,0.7214525365829467,72.1,4.2727272727272725,4.2727272727272725
Chiwenga RHC,Chiwenga RHC,2025,42,2,0.5067227999369303,50.7,2.5454545454545454,2.5454545454545454
Chiwenga RHC,Chiwenga RHC,2025,43,2,0.7100286185741425,71.0,1.0909090909090908,1.0909090909090908
Chiwenga RHC,Chiwenga RHC,2025,44,2,0.7888044118881226,78.9,2.6363636363636362,2.6363636363636362
Chiwenga RHC,Chiwenga RHC,2025,45,2,0.49040063619613644,49.0,0.7272727272727273,0.7272727272727273
Chiwenga RHC,Chiwenga RHC,2025,46,2,0.766432237625122,76.6,0.8181818181818182,0.8181818181818182
Chiwenga RHC,Chiwenga RHC,2025,47,2,0.670102846622467,67.0,1.5454545454545454,1.5454545454545454
Chiwenga RHC,Chiwenga RHC,2025,48,2,0.71799738407135,71.8,1.0909090909090908,1.0909090909090908
Chiwenga RHC,Chiwenga RHC,2025,49,3,0.5814641523361206,58.1,1.6363636363636365,1.6363636363636365
Chiwenga RHC,Chiwenga RHC,2025,50,3,0.3,30.0,0.5454545454545454,0.5454545454545454
Chiwenga RHC,Chiwenga RHC,2025,51,3,0.3,30.0,1.5454545454545454,1.5454545454545454
Chiwenga RHC,Chiwenga RHC,2025,52,5,0.713659918308258,71.4,2.909090909090909,2.909090909090909
DAMBAKURIMA RHC,DAMBAKURIMA RHC,2025,1,2,0.2727272727272727,27.3,1.2,1.2
DAMBAKURIMA RHC,DAMBAKURIMA RHC,2025,2,3,0.6314222967200599,63.1,5.0,5.0
DAMBAKURIMA RHC,DAMBAKURIMA RHC,2025,3,2,0.2727272727272727,27.3,2.4,2.4
DAMBAKURIMA RHC,DAMBAKURIMA RHC,2025,4,2,0.6988696418386517,69.9,5.4,5.4
DAMBAKURIMA RHC,DAMBAKURIMA RHC,2025,5,5,0.7540140151977539,75.4,7.090909090909091,7.090909090909091
DAMBAKURIMA RHC,DAMBAKURIMA RHC,2025,6,5,0.7823476135730743,78.2,6.090909090909091,6.090909090909091
DAMBAKURIMA RHC,DAMBAKURIMA RHC,2025,7,4,0.7413748550415038,74.1,6.636363636363637,6.636363636363637
DAMBAKURIMA RHC,DAMBAKURIMA RHC,2025,8,4,0.806721618440416,80.7,7.2727272727272725,7.2727272727272725
DAMBAKURIMA RHC,DAMBAKURIMA RHC,2025,9,5,0.5252211570739747,52.5,10.090909090909092,10.090909090909092
DAMBAKURIMA RHC,DAMBAKURIMA RHC,2025,10,5,0.8023948987325031,80.2,14.818181818181818,14.818181818181818
DAMBAKURIMA RHC,DAMBAKURIMA RHC,2025,11,6,0.7449702143669128,74.5,14.636363636363637,14.636363636363637
DAMBAKURIMA RHC,DAMBAKURIMA RHC,2025,12,7,0.7194515228271484,71.9,13.636363636363637,13.636363636363637
DAMBAKURIMA RHC,DAMBAKURIMA RHC,2025,13,8,0.7669356126051683,76.7,22.636363636363637,22.636363636363637
DAMBAKURIMA RHC,DAMBAKURIMA RHC,2025,14,7,0.7778420055613797,77.8,36.27272727272727,36.27272727272727
DAMBAKURIMA RHC,DAMBAKURIMA RHC,2025,15,8,0.8150238037109374,81.5,38.45454545454545,38.45454545454545
DAMBAKURIMA RHC,DAMBAKURIMA RHC,2025,16,6,0.7374888896942138,73.7,36.81818181818182,36.81818181818182
DAMBAKURIMA RHC,DAMBAKURIMA RHC,2025,17,7,0.8445057150033803,84.5,58.81818181818182,58.81818181818182
DAMBAKURIMA RHC,DAMBAKURIMA RHC,2025,18,6,0.861518915494283,86.2,65.0909090909091,65.0909090909091
DAMBAKURIMA RHC,DAMBAKURIMA RHC,2025,19,6,0.9082823142027243,90.8,61.09090909090909,61.09090909090909
DAMBAKURIMA RHC,DAMBAKURIMA RHC,2025,20,5,0.8289947509765625,82.9,51.36363636363637,51.36363636363637
DAMBAKURIMA RHC,DAMBAKURIMA RHC,2025,21,5,0.8625599687749688,86.3,45.54545454545455,45.54545454545455
DAMBAKURIMA RHC,DAMBAKURIMA RHC,2025,22,4,0.8147125937721946,81.5,34.63636363636363,34.63636363636363
DAMBAKURIMA RHC,DAMBAKURIMA RHC,2025,23,4,0.8753642201423644,87.5,31.545454545454547,31.545454545454547
DAMBAKURIMA RHC,DAMBAKURIMA RHC,2025,24,3,0.7969657056471879,79.7,19.181818181818183,19.181818181818183
DAMBAKURIMA RHC,DAMBAKURIMA RHC,2025,25,3,0.6980586902515309,69.8,12.454545454545455,12.454545454545455
DAMBAKURIMA RHC,DAMBAKURIMA RHC,2025,26,4,0.8718526926907626,87.2,11.363636363636363,11.363636363636363
DAMBAKURIMA RHC,DAMBAKURIMA RHC,2025,27,4,0.8160576502482098,81.6,15.636363636363637,15.636363636363637
DAMBAKURIMA RHC,DAMBAKURIMA RHC,2025,28,3,0.8818344467564634,88.2,10.272727272727273,10.272727272727273
DAMBAKURIMA RHC,DAMBAKURIMA RHC,2025,29,3,0.6865775823593139,68.7,13.454545454545455,13.454545454545455
DAMBAKURIMA RHC,DAMBAKURIMA RHC,2025,30,3,0.8400259859421673,84.0,11.636363636363637,11.636363636363637
DAMBAKURIMA RHC,DAMBAKURIMA RHC,2025,31,3,0.6835066497325897,68.4,9.545454545454545,9.545454545454545
DAMBAKURIMA RHC,DAMBAKURIMA RHC,2025,32,3,0.7047169844309489,70.5,6.2727272727272725,6.2727272727272725
DAMBAKURIMA RHC,DAMBAKURIMA RHC,2025,33,3,0.6589070207932416,65.9,9.818181818181818,9.818181818181818
DAMBAKURIMA RHC,DAMBAKURIMA RHC,2025,34,3,0.6410496950149536,64.1,7.636363636363637,7.636363636363637
DAMBAKURIMA RHC,DAMBAKURIMA RHC,2025,35,3,0.7991330194473266,79.9,7.363636363636363,7.363636363636363
DAMBAKURIMA RHC,DAMBAKURIMA RHC,2025,36,4,0.8699861764907837,87.0,8.090909090909092,8.090909090909092
DAMBAKURIMA RHC,DAMBAKURIMA RHC,2025,37,5,0.7433203550485463,74.3,8.909090909090908,8.909090909090908
DAMBAKURIMA RHC,DAMBAKURIMA RHC,2025,38,4,0.8247494550851675,82.5,5.818181818181818,5.818181818181818
DAMBAKURIMA RHC,DAMBAKURIMA RHC,2025,39,4,0.7000064849853516,70.0,7.0,7.0
DAMBAKURIMA RHC,DAMBAKURIMA RHC,2025,40,4,0.5930278015136718,59.3,3.1818181818181817,3.1818181818181817
DAMBAKURIMA RHC,DAMBAKURIMA RHC,2025,41,3,0.7345977306365967,73.5,4.7272727272727275,4.7272727272727275
DAMBAKURIMA RHC,DAMBAKURIMA RHC,2025,42,2,0.7552308130264282,75.5,3.5454545454545454,3.5454545454545454
DAMBAKURIMA RHC,DAMBAKURIMA RHC,2025,43,2,0.3,30.0,1.0,1.0
DAMBAKURIMA RHC,DAMBAKURIMA RHC,2025,44,2,0.7396692752838134,74.0,1.2727272727272727,1.2727272727272727
DAMBAKURIMA RHC,DAMBAKURIMA RHC,2025,45,2,0.3,30.0,0.45454545454545453,0.45454545454545453
DAMBAKURIMA RHC,DAMBAKURIMA RHC,2025,46,2,0.43413349390029904,43.4,1.0,1.0
DAMBAKURIMA RHC,DAMBAKURIMA RHC,2025,47,2,0.5968636453151703,59.7,1.0,1.0
DAMBAKURIMA RHC,DAMBAKURIMA RHC,2025,48,2,0.42881002426147463,42.9,0.5454545454545454,0.5454545454545454
DAMBAKURIMA RHC,DAMBAKURIMA RHC,2025,49,2,0.46387820839881894,46.4,1.5454545454545454,1.5454545454545454
DAMBAKURIMA RHC,DAMBAKURIMA RHC,2025,50,3,0.575374960899353,57.5,1.8181818181818181,1.8181818181818181
DAMBAKURIMA RHC,DAMBAKURIMA RHC,2025,51,3,0.7203106880187988,72.0,1.1818181818181819,1.1818181818181819
DAMBAKURIMA RHC,DAMBAKURIMA RHC,2025,52,4,0.6315693795680999,63.2,1.5454545454545454,1.5454545454545454
DAVID NELSON CLINIC,DAVID NELSON CLINIC,2025,1,4,0.4595482820453065,46.0,13.7,13.7
DAVID NELSON CLINIC,DAVID NELSON CLINIC,2025,2,7,0.6732626555543957,67.3,19.2,19.2
DAVID NELSON CLINIC,DAVID NELSON CLINIC,2025,3,7,0.7323820827585277,73.2,13.7,13.7
DAVID NELSON CLINIC,DAVID NELSON CLINIC,2025,4,1,0.7062224938966439,70.6,16.6,16.6
DAVID NELSON CLINIC,DAVID NELSON CLINIC,2025,5,7,0.8120197296142577,81.2,26.0,26.0
DAVID NELSON CLINIC,DAVID NELSON CLINIC,2025,6,7,0.75392986536026,75.4,25.09090909090909,25.09090909090909
DAVID NELSON CLINIC,DAVID NELSON CLINIC,2025,7,6,0.7095118761062622,71.0,22.727272727272727,22.727272727272727
DAVID NELSON CLINIC,DAVID NELSON CLINIC,2025,8,6,0.9040941715240478,90.4,29.363636363636363,29.363636363636363
DAVID NELSON CLINIC,DAVID NELSON CLINIC,2025,9,7,0.7362847328186035,73.6,15.090909090909092,15.090909090909092
DAVID NELSON CLINIC,DAVID NELSON CLINIC,2025,10,8,0.7156026029586791,71.6,25.181818181818183,25.181818181818183
DAVID NELSON CLINIC,DAVID NELSON CLINIC,2025,11,9,0.6591341654459635,65.9,22.727272727272727,22.727272727272727
DAVID NELSON CLINIC,DAVID NELSON CLINIC,2025,12,9,0.844452965259552,84.4,28.09090909090909,28.09090909090909
DAVID NELSON CLINIC,DAVID NELSON CLINIC,2025,13,10,0.681513162092729,68.2,26.272727272727273,26.272727272727273
DAVID NELSON CLINIC,DAVID NELSON CLINIC,2025,14,10,0.8522594028049044,85.2,34.81818181818182,34.81818181818182
DAVID NELSON CLINIC,DAVID NELSON CLINIC,2025,15,12,0.8720842223236527,87.2,51.0,51.0
DAVID NELSON CLINIC,DAVID NELSON CLINIC,2025,16,10,0.7842404723167419,78.4,39.63636363636363,39.63636363636363
DAVID NELSON CLINIC,DAVID NELSON CLINIC,2025,17,11,0.8697595691680908,87.0,68.36363636363636,68.36363636363636
DAVID NELSON CLINIC,DAVID NELSON CLINIC,2025,18,9,0.7986726840337117,79.9,71.63636363636364,71.63636363636364
DAVID NELSON CLINIC,DAVID NELSON CLINIC,2025,19,9,0.8653090594566031,86.5,77.72727272727273,77.72727272727273
DAVID NELSON CLINIC,DAVID NELSON CLINIC,2025,20,7,0.8170528118426983,81.7,67.0,67.0
DAVID NELSON CLINIC,DAVID NELSON CLINIC,2025,21,7,0.9412742455800374,94.1,42.0,42.0
DAVID NELSON CLINIC,DAVID NELSON CLINIC,2025,22,6,0.8702995560385964,87.0,27.636363636363637,27.636363636363637
DAVID NELSON CLINIC,DAVID NELSON CLINIC,2025,23,5,0.6870107269287109,68.7,19.0,19.0
DAVID NELSON CLINIC,DAVID NELSON CLINIC,2025,24,5,0.8355862087673611,83.6,18.454545454545453,18.454545454545453
DAVID NELSON CLINIC,DAVID NELSON CLINIC,2025,25,4,0.7701318105061847,77.0,10.272727272727273,10.272727272727273
DAVID NELSON CLINIC,DAVID NELSON CLINIC,2025,26,5,0.6898402531941731,69.0,8.818181818181818,8.818181818181818
DAVID NELSON CLINIC,DAVID NELSON CLINIC,2025,27,5,0.7562872012456257,75.6,6.7272727272727275,6.7272727272727275
DAVID NELSON CLINIC,DAVID NELSON CLINIC,2025,28,5,0.3,30.0,8.363636363636363,8.363636363636363
DAVID NELSON CLINIC,DAVID NELSON CLINIC,2025,29,5,0.6638456106185913,66.4,8.545454545454545,8.545454545454545
DAVID NELSON CLINIC,DAVID NELSON CLINIC,2025,30,4,0.6208269357681274,62.1,3.909090909090909,3.909090909090909
DAVID NELSON CLINIC,DAVID NELSON CLINIC,2025,31,5,0.6355427265167236,63.6,5.0,5.0
DAVID NELSON CLINIC,DAVID NELSON CLINIC,2025,32,4,0.5757251024246215,57.6,2.5454545454545454,2.5454545454545454
DAVID NELSON CLINIC,DAVID NELSON CLINIC,2025,33,4,0.5159341812133789,51.6,3.272727272727273,3.272727272727273
DAVID NELSON CLINIC,DAVID NELSON CLINIC,2025,34,5,0.6833093404769897,68.3,4.454545454545454,4.454545454545454
DAVID NELSON CLINIC,DAVID NELSON CLINIC,2025,35,5,0.6691709160804749,66.9,6.454545454545454,6.454545454545454
DAVID NELSON CLINIC,DAVID NELSON CLINIC,2025,36,5,0.8410198593139648,84.1,5.363636363636363,5.363636363636363
DAVID NELSON CLINIC,DAVID NELSON CLINIC,2025,37,7,0.5759344696998596,57.6,5.0,5.0
DAVID NELSON CLINIC,DAVID NELSON CLINIC,2025,38,6,0.7625619888305664,76.3,7.636363636363637,7.636363636363637
DAVID NELSON CLINIC,DAVID NELSON CLINIC,2025,39,6,0.6771567185719807,67.7,7.363636363636363,7.363636363636363
DAVID NELSON CLINIC,DAVID NELSON CLINIC,2025,40,6,0.8052058523351495,80.5,7.818181818181818,7.818181818181818
DAVID NELSON CLINIC,DAVID NELSON CLINIC,2025,41,5,0.6903063297271728,69.0,7.181818181818182,7.181818181818182
DAVID NELSON CLINIC,DAVID NELSON CLINIC,2025,42,3,0.6301686048507691,63.0,6.0,6.0
DAVID NELSON CLINIC,DAVID NELSON CLINIC,2025,43,3,0.7767771005630493,77.7,6.909090909090909,6.909090909090909
DAVID NELSON CLINIC,DAVID NELSON CLINIC,2025,44,3,0.7166721474040638,71.7,5.7272727272727275,5.7272727272727275
DAVID NELSON CLINIC,DAVID NELSON CLINIC,2025,45,3,0.728756308555603,72.9,5.2727272727272725,5.2727272727272725
DAVID NELSON CLINIC,DAVID NELSON CLINIC,2025,46,3,0.719200930102118,71.9,7.7272727272727275,7.7272727272727275
DAVID NELSON CLINIC,DAVID NELSON CLINIC,2025,47,3,0.6634777116775512,66.3,5.363636363636363,5.363636363636363
DAVID NELSON CLINIC,DAVID NELSON CLINIC,2025,48,3,0.6607580065727234,66.1,5.0,5.0
DAVID NELSON CLINIC,DAVID NELSON CLINIC,2025,49,4,0.7532781203587848,75.3,5.818181818181818,5.818181818181818
DAVID NELSON CLINIC,DAVID NELSON CLINIC,2025,50,4,0.42460290193557737,42.5,6.181818181818182,6.181818181818182
DAVID NELSON CLINIC,DAVID NELSON CLINIC,2025,51,4,0.6065278583102756,60.7,5.0,5.0
DAVID NELSON CLINIC,DAVID NELSON CLINIC,2025,52,5,0.8106699546178182,81.1,4.909090909090909,4.909090909090909
Hoya RHC,Hoya RHC,2025,1,6,0.7599366742553132,76.0,7.7,7.7
Hoya RHC,Hoya RHC,2025,2,11,0.7054245419181853,70.5,11.8,11.8
Hoya RHC,Hoya RHC,2025,3,10,0.7812146901141984,78.1,14.0,14.0
Hoya RHC,Hoya RHC,2025,4,1,0.702816119227376,70.3,12.4,12.4
Hoya RHC,Hoya RHC,2025,5,7,0.8852821429570517,88.5,16.636363636363637,16.636363636363637
Hoya RHC,Hoya RHC,2025,6,7,0.7008470153808594,70.1,17.0,17.0
Hoya RHC,Hoya RHC,2025,7,6,0.753851539438421,75.4,21.272727272727273,21.272727272727273
Hoya RHC,Hoya RHC,2025,8,6,0.7400381922721863,74.0,26.90909090909091,26.90909090909091
Hoya RHC,Hoya RHC,2025,9,9,0.8777120987574258,87.8,36.72727272727273,36.72727272727273
Hoya RHC,Hoya RHC,2025,10,11,0.8903202904595269,89.0,41.36363636363637,41.36363636363637
Hoya RHC,Hoya RHC,2025,11,12,0.8514191020618784,85.1,57.0,57.0
Hoya RHC,Hoya RHC,2025,12,13,0.9123592552771935,91.2,53.81818181818182,53.81818181818182
Hoya RHC,Hoya RHC,2025,13,15,0.8981701346004711,89.8,80.9090909090909,80.9090909090909
Hoya RHC,Hoya RHC,2025,14,14,0.8301254590352376,83.0,122.0909090909091,122.0909090909091
Hoya RHC,Hoya RHC,2025,15,16,0.9479829017152177,94.8,147.36363636363637,147.36363636363637
Hoya RHC,Hoya RHC,2025,16,13,0.8800390355727252,88.0,152.36363636363637,152.36363636363637
Hoya RHC,Hoya RHC,2025,17,14,0.9055107496061376,90.6,161.8181818181818,161.8181818181818
Hoya RHC,Hoya RHC,2025,18,10,0.9166495742797851,91.7,141.54545454545453,141.54545454545453
Hoya RHC,Hoya RHC,2025,19,10,0.9098029348585339,91.0,107.54545454545455,107.54545454545455
Hoya RHC,Hoya RHC,2025,20,8,0.9057746054303697,90.6,86.63636363636364,86.63636363636364
Hoya RHC,Hoya RHC,2025,21,7,0.8839709882382993,88.4,75.63636363636364,75.63636363636364
Hoya RHC,Hoya RHC,2025,22,6,0.9158677300741507,91.6,44.45454545454545,44.45454545454545
Hoya RHC,Hoya RHC,2025,23,5,0.9044924736022948,90.4,56.63636363636363,56.63636363636363
Hoya RHC,Hoya RHC,2025,24,5,0.8121280294949891,81.2,38.54545454545455,38.54545454545455
Hoya RHC,Hoya RHC,2025,25,5,0.8033374601794827,80.3,36.54545454545455,36.54545454545455
Hoya RHC,Hoya RHC,2025,26,6,0.8648700046539306,86.5,30.818181818181817,30.818181818181817
Hoya RHC,Hoya RHC,2025,27,6,0.8315303715792568,83.2,21.0,21.0
Hoya RHC,Hoya RHC,2025,28,5,0.7915401140848795,79.2,20.363636363636363,20.363636363636363
Hoya RHC,Hoya RHC,2025,29,5,0.6065215349197388,60.7,11.909090909090908,11.909090909090908
Hoya RHC,Hoya RHC,2025,30,5,0.7657355427742004,76.6,10.818181818181818,10.818181818181818
Hoya RHC,Hoya RHC,2025,31,5,0.8823136866092682,88.2,8.636363636363637,8.636363636363637
Hoya RHC,Hoya RHC,2025,32,4,0.6708375930786132,67.1,5.454545454545454,5.454545454545454
Hoya RHC,Hoya RHC,2025,33,4,0.6519613822301228,65.2,10.363636363636363,10.363636363636363
Hoya RHC,Hoya RHC,2025,34,4,0.7474222898483276,74.7,12.181818181818182,12.181818181818182
Hoya RHC,Hoya RHC,2025,35,4,0.6625920772552489,66.3,8.0,8.0
Hoya RHC,Hoya RHC,2025,36,5,0.6027361234029134,60.3,9.545454545454545,9.545454545454545
Hoya RHC,Hoya RHC,2025,37,6,0.5069614791870116,50.7,7.7272727272727275,7.7272727272727275
Hoya RHC,Hoya RHC,2025,38,6,0.8133079210917156,81.3,10.909090909090908,10.909090909090908
Hoya RHC,Hoya RHC,2025,39,6,0.7313605746707401,73.1,9.909090909090908,9.909090909090908
Hoya RHC,Hoya RHC,2025,40,5,0.6706590479070489,67.1,7.818181818181818,7.818181818181818
Hoya RHC,Hoya RHC,2025,41,4,0.6191808902856075,61.9,6.909090909090909,6.909090909090909
Hoya RHC,Hoya RHC,2025,42,2,0.6382718443870544,63.8,5.7272727272727275,5.7272727272727275
Hoya RHC,Hoya RHC,2025,43,2,0.6468787336349486,64.7,3.6363636363636362,3.6363636363636362
Hoya RHC,Hoya RHC,2025,44,2,0.5104993939399719,51.0,2.1818181818181817,2.1818181818181817
Hoya RHC,Hoya RHC,2025,45,2,0.3,30.0,2.727272727272727,2.727272727272727
Hoya RHC,Hoya RHC,2025,46,2,0.6283495545387268,62.8,1.1818181818181819,1.1818181818181819
Hoya RHC,Hoya RHC,2025,47,2,0.3,30.0,0.9090909090909091,0.9090909090909091
Hoya RHC,Hoya RHC,2025,48,2,0.5500884592533111,55.0,1.1818181818181819,1.1818181818181819
Hoya RHC,Hoya RHC,2025,49,3,0.5035346706708272,50.4,1.4545454545454546,1.4545454545454546
Hoya RHC,Hoya RHC,2025,50,3,0.4709911465644836,47.1,0.9090909090909091,0.9090909090909091
Hoya RHC,Hoya RHC,2025,51,3,0.6292242685953775,62.9,1.3636363636363635,1.3636363636363635
Hoya RHC,Hoya RHC,2025,52,6,0.5729530458864958,57.3,4.0,4.0
Hwata RHC,Hwata RHC,2025,1,1,0.6105670853636481,61.1,2.7,2.7
Hwata RHC,Hwata RHC,2025,2,2,0.4846306123516776,48.5,3.1,3.1
Hwata RHC,Hwata RHC,2025,3,1,0.5475763537667013,54.8,2.1,2.1
Hwata RHC,Hwata RHC,2025,4,1,0.7418487457030597,74.2,4.6,4.6
Hwata RHC,Hwata RHC,2025,5,6,0.5735625584920248,57.4,3.8181818181818183,3.8181818181818183
Hwata RHC,Hwata RHC,2025,6,5,0.49194404184818263,49.2,4.636363636363637,4.636363636363637
Hwata RHC,Hwata RHC,2025,7,5,0.5679919481277466,56.8,3.8181818181818183,3.8181818181818183
Hwata RHC,Hwata RHC,2025,8,5,0.6396075391769409,64.0,6.363636363636363,6.363636363636363
Hwata RHC,Hwata RHC,2025,9,6,0.6312214493751526,63.1,3.8181818181818183,3.8181818181818183
Hwata RHC,Hwata RHC,2025,10,6,0.8360521221160888,83.6,5.2727272727272725,5.2727272727272725
Hwata RHC,Hwata RHC,2025,11,7,0.7497109770774841,75.0,8.818181818181818,8.818181818181818
Hwata RHC,Hwata RHC,2025,12,7,0.3499600887298584,35.0,6.545454545454546,6.545454545454546
Hwata RHC,Hwata RHC,2025,13,8,0.45746746063232424,45.7,11.090909090909092,11.090909090909092
Hwata RHC,Hwata RHC,2025,14,9,0.75161165661282,75.2,18.0,18.0
Hwata RHC,Hwata RHC,2025,15,10,0.8641117095947266,86.4,23.818181818181817,23.818181818181817
Hwata RHC,Hwata RHC,2025,16,8,0.683800910239996,68.4,18.727272727272727,18.727272727272727
Hwata RHC,Hwata RHC,2025,17,9,0.8043085634708405,80.4,35.72727272727273,35.72727272727273
Hwata RHC,Hwata RHC,2025,18,8,0.894300000420932,89.4,52.63636363636363,52.63636363636363
Hwata RHC,Hwata RHC,2025,19,8,0.7073116620381672,70.7,30.454545454545453,30.454545454545453
Hwata RHC,Hwata RHC,2025,20,7,0.8482586019179399,84.8,38.18181818181818,38.18181818181818
Hwata RHC,Hwata RHC,2025,21,6,0.7747952461242675,77.5,42.27272727272727,42.27272727272727
Hwata RHC,Hwata RHC,2025,22,6,0.8255434957043877,82.6,41.45454545454545,41.45454545454545
Hwata RHC,Hwata RHC,2025,23,5,0.8385446608066558,83.9,41.27272727272727,41.27272727272727
Hwata RHC,Hwata RHC,2025,24,4,0.8954191907246907,89.5,34.18181818181818,34.18181818181818
Hwata RHC,Hwata RHC,2025,25,4,0.7924592574437459,79.2,30.90909090909091,30.90909090909091
Hwata RHC,Hwata RHC,2025,26,5,0.8181776809692383,81.8,26.454545454545453,26.454545454545453
Hwata RHC,Hwata RHC,2025,27,5,0.7990752410888671,79.9,21.636363636363637,21.636363636363637
Hwata RHC,Hwata RHC,2025,28,4,0.8347897768020629,83.5,14.636363636363637,14.636363636363637
Hwata RHC,Hwata RHC,2025,29,4,0.643589506149292,64.4,14.818181818181818,14.818181818181818
Hwata RHC,Hwata RHC,2025,30,4,0.5267668117176403,52.7,11.909090909090908,11.909090909090908
Hwata RHC,Hwata RHC,2025,31,4,0.6470034599304199,64.7,9.818181818181818,9.818181818181818
Hwata RHC,Hwata RHC,2025,32,3,0.561317291855812,56.1,6.909090909090909,6.909090909090909
Hwata RHC,Hwata RHC,2025,33,4,0.6809545358022053,68.1,9.727272727272727,9.727272727272727
Hwata RHC,Hwata RHC,2025,34,4,0.7850650628407796,78.5,12.363636363636363,12.363636363636363
Hwata RHC,Hwata RHC,2025,35,4,0.6974199771881103,69.7,17.90909090909091,17.90909090909091
Hwata RHC,Hwata RHC,2025,36,4,0.7395788978127872,74.0,12.636363636363637,12.636363636363637
Hwata RHC,Hwata RHC,2025,37,6,0.8951379976774516,89.5,19.727272727272727,19.727272727272727
Hwata RHC,Hwata RHC,2025,38,5,0.7550727208455403,75.5,15.090909090909092,15.090909090909092
Hwata RHC,Hwata RHC,2025,39,5,0.8193702885361969,81.9,17.454545454545453,17.454545454545453
Hwata RHC,Hwata RHC,2025,40,5,0.8206992506980895,82.1,12.181818181818182,12.181818181818182
Hwata RHC,Hwata RHC,2025,41,3,0.5010237097740173,50.1,6.454545454545454,6.454545454545454
Hwata RHC,Hwata RHC,2025,42,2,0.8826748013496399,88.3,3.909090909090909,3.909090909090909
Hwata RHC,Hwata RHC,2025,43,2,0.322779643535614,32.3,2.727272727272727,2.727272727272727
Hwata RHC,Hwata RHC,2025,44,2,0.6216114163398743,62.2,1.6363636363636365,1.6363636363636365
Hwata RHC,Hwata RHC,2025,45,2,0.7073127686977386,70.7,1.3636363636363635,1.3636363636363635
Hwata RHC,Hwata RHC,2025,46,2,0.4828208565711975,48.3,1.4545454545454546,1.4545454545454546
Hwata RHC,Hwata RHC,2025,47,2,0.667158979177475,66.7,0.5454545454545454,0.5454545454545454
Hwata RHC,Hwata RHC,2025,48,2,0.6730471312999725,67.3,0.7272727272727273,0.7272727272727273
Hwata RHC,Hwata RHC,2025,49,2,0.48239561319351193,48.2,0.6363636363636364,0.6363636363636364
Hwata RHC,Hwata RHC,2025,50,2,0.5761676609516144,57.6,0.9090909090909091,0.9090909090909091
Hwata RHC,Hwata RHC,2025,51,3,0.3,30.0,1.0,1.0
Hwata RHC,Hwata RHC,2025,52,4,0.5879536449909211,58.8,1.0,1.0
Muzarabani RHC,Muzarabani RHC,2025,1,6,0.49171622874158794,49.2,6.4,6.4
Muzarabani RHC,Muzarabani RHC,2025,2,7,0.830453947648645,83.0,10.4,10.4
Muzarabani RHC,Muzarabani RHC,2025,3,7,0.5934873109514063,59.3,10.3,10.3
Muzarabani RHC,Muzarabani RHC,2025,4,1,0.7961210117102965,79.6,12.5,12.5
Muzarabani RHC,Muzarabani RHC,2025,5,7,0.7563785195350646,75.6,10.818181818181818,10.818181818181818
Muzarabani RHC,Muzarabani RHC,2025,6,7,0.7313439475165473,73.1,7.909090909090909,7.909090909090909
Muzarabani RHC,Muzarabani RHC,2025,7,6,0.8041207313537597,80.4,11.636363636363637,11.636363636363637
Muzarabani RHC,Muzarabani RHC,2025,8,6,0.7575806220372516,75.8,11.272727272727273,11.272727272727273
Muzarabani RHC,Muzarabani RHC,2025,9,7,0.7324427710639105,73.2,15.090909090909092,15.090909090909092
Muzarabani RHC,Muzarabani RHC,2025,10,8,0.7686721061592672,76.9,19.818181818181817,19.818181818181817
Muzarabani RHC,Muzarabani RHC,2025,11,9,0.697425651550293,69.7,21.727272727272727,21.727272727272727
Muzarabani RHC,Muzarabani RHC,2025,12,10,0.8112473921342329,81.1,33.72727272727273,33.72727272727273
Muzarabani RHC,Muzarabani RHC,2025,13,11,0.8450514157613118,84.5,30.636363636363637,30.636363636363637
Muzarabani RHC,Muzarabani RHC,2025,14,11,0.8290829056187681,82.9,79.54545454545455,79.54545454545455
Muzarabani RHC,Muzarabani RHC,2025,15,13,0.876802012125651,87.7,93.81818181818181,93.81818181818181
Muzarabani RHC,Muzarabani RHC,2025,16,11,0.8801645914713541,88.0,90.45454545454545,90.45454545454545
Muzarabani RHC,Muzarabani RHC,2025,17,11,0.9237982604463222,92.4,136.36363636363637,136.36363636363637
Muzarabani RHC,Muzarabani RHC,2025,18,9,0.9107232971191406,91.1,167.45454545454547,167.45454545454547
Muzarabani RHC,Muzarabani RHC,2025,19,9,0.8778697213726843,87.8,136.1818181818182,136.1818181818182
Muzarabani RHC,Muzarabani RHC,2025,20,8,0.9609130959761769,96.1,111.27272727272727,111.27272727272727
Muzarabani RHC,Muzarabani RHC,2025,21,7,0.8376498791598534,83.8,95.0,95.0
Muzarabani RHC,Muzarabani RHC,2025,22,6,0.8545502638205502,85.5,70.54545454545455,70.54545454545455
Muzarabani RHC,Muzarabani RHC,2025,23,5,0.8358318010965982,83.6,63.45454545454545,63.45454545454545
Muzarabani RHC,Muzarabani RHC,2025,24,6,0.8579366683959961,85.8,44.0,44.0
Muzarabani RHC,Muzarabani RHC,2025,25,5,0.9040321350097655,90.4,47.09090909090909,47.09090909090909
Muzarabani RHC,Muzarabani RHC,2025,26,6,0.7632895369278756,76.3,42.0,42.0
Muzarabani RHC,Muzarabani RHC,2025,27,6,0.9206771453221638,92.1,33.45454545454545,33.45454545454545
Muzarabani RHC,Muzarabani RHC,2025,28,5,0.9371024767557778,93.7,31.818181818181817,31.818181818181817
Muzarabani RHC,Muzarabani RHC,2025,29,5,0.775982310555198,77.6,22.0,22.0
Muzarabani RHC,Muzarabani RHC,2025,30,5,0.8607026305379746,86.1,28.636363636363637,28.636363636363637
Muzarabani RHC,Muzarabani RHC,2025,31,5,0.8437732060750325,84.4,28.272727272727273,28.272727272727273
Muzarabani RHC,Muzarabani RHC,2025,32,5,0.9016557931900024,90.2,21.272727272727273,21.272727272727273
Muzarabani RHC,Muzarabani RHC,2025,33,5,0.9103880832069797,91.0,23.181818181818183,23.181818181818183
Muzarabani RHC,Muzarabani RHC,2025,34,6,0.782345552444458,78.2,25.90909090909091,25.90909090909091
Muzarabani RHC,Muzarabani RHC,2025,35,6,0.8261873025160569,82.6,34.63636363636363,34.63636363636363
Muzarabani RHC,Muzarabani RHC,2025,36,6,0.8611623764038085,86.1,37.81818181818182,37.81818181818182
Muzarabani RHC,Muzarabani RHC,2025,37,8,0.8948583749624399,89.5,43.0,43.0
Muzarabani RHC,Muzarabani RHC,2025,38,7,0.8806470947265623,88.1,42.09090909090909,42.09090909090909
Muzarabani RHC,Muzarabani RHC,2025,39,7,0.8371661663055419,83.7,32.36363636363637,32.36363636363637
Muzarabani RHC,Muzarabani RHC,2025,40,7,0.8632266759872436,86.3,29.181818181818183,29.181818181818183
Muzarabani RHC,Muzarabani RHC,2025,41,4,0.857342315673828,85.7,14.545454545454545,14.545454545454545
Muzarabani RHC,Muzarabani RHC,2025,42,3,0.8603788137435913,86.0,9.545454545454545,9.545454545454545
Muzarabani RHC,Muzarabani RHC,2025,43,2,0.8007597923278809,80.1,11.545454545454545,11.545454545454545
Muzarabani RHC,Muzarabani RHC,2025,44,2,0.6173532525698343,61.7,4.7272727272727275,4.7272727272727275
Muzarabani RHC,Muzarabani RHC,2025,45,2,0.7402723431587219,74.0,3.909090909090909,3.909090909090909
Muzarabani RHC,Muzarabani RHC,2025,46,2,0.4322597861289978,43.2,2.8181818181818183,2.8181818181818183
Muzarabani RHC,Muzarabani RHC,2025,47,2,0.589882230758667,59.0,2.272727272727273,2.272727272727273
Muzarabani RHC,Muzarabani RHC,2025,48,2,0.6297205305099487,63.0,2.3636363636363638,2.3636363636363638
Muzarabani RHC,Muzarabani RHC,2025,49,3,0.7339586305618286,73.4,1.7272727272727273,1.7272727272727273
Muzarabani RHC,Muzarabani RHC,2025,50,3,0.3,30.0,1.2727272727272727,1.2727272727272727
Muzarabani RHC,Muzarabani RHC,2025,51,3,0.6070144951343537,60.7,3.1818181818181817,3.1818181818181817
Muzarabani RHC,Muzarabani RHC,2025,52,5,0.6825876533985138,68.3,5.2727272727272725,5.2727272727272725
Nyamaridza Clinic,Nyamaridza Clinic,2025,1,0,0.9615137105088003,96.2,0.0,0.0
Nyamaridza Clinic,Nyamaridza Clinic,2025,2,0,0.960689628378234,96.1,0.1,0.1
Nyamaridza Clinic,Nyamaridza Clinic,2025,3,0,0.9640840903136201,96.4,0.0,0.0
Nyamaridza Clinic,Nyamaridza Clinic,2025,4,0,0.9647541777908124,96.5,0.1,0.1
Nyamaridza Clinic,Nyamaridza Clinic,2025,5,0,0.9914226441644132,99.1,0.0,0.0
Nyamaridza Clinic,Nyamaridza Clinic,2025,6,0,0.9918710485100746,99.2,0.0,0.0
Nyamaridza Clinic,Nyamaridza Clinic,2025,7,0,0.9930189405567944,99.3,0.0,0.0
Nyamaridza Clinic,Nyamaridza Clinic,2025,8,0,0.9926439221948384,99.3,0.0,0.0
Nyamaridza Clinic,Nyamaridza Clinic,2025,9,0,0.9931893233209848,99.3,0.0,0.0
Nyamaridza Clinic,Nyamaridza Clinic,2025,10,0,0.9922796032391488,99.2,0.0,0.0
Nyamaridza Clinic,Nyamaridza Clinic,2025,11,1,0.9923649403266608,99.2,0.09090909090909091,0.09090909090909091
Nyamaridza Clinic,Nyamaridza Clinic,2025,12,1,0.992802220210433,99.3,0.09090909090909091,0.09090909090909091
Nyamaridza Clinic,Nyamaridza Clinic,2025,13,1,0.9923295042477547,99.2,0.18181818181818182,0.18181818181818182
Nyamaridza Clinic,Nyamaridza Clinic,2025,14,1,0.9922066788189112,99.2,0.0,0.0
Nyamaridza Clinic,Nyamaridza Clinic,2025,15,1,0.9915612996555865,99.2,0.0,0.0
Nyamaridza Clinic,Nyamaridza Clinic,2025,16,1,0.9921289497055112,99.2,0.0,0.0
Nyamaridza Clinic,Nyamaridza Clinic,2025,17,1,0.992165207862854,99.2,0.18181818181818182,0.18181818181818182
Nyamaridza Clinic,Nyamaridza Clinic,2025,18,1,0.9926439750008285,99.3,0.18181818181818182,0.18181818181818182
Nyamaridza Clinic,Nyamaridza Clinic,2025,19,1,0.9926334685645997,99.3,0.09090909090909091,0.09090909090909091
Nyamaridza Clinic,Nyamaridza Clinic,2025,20,0,0.9924132082611321,99.2,0.0,0.0
Nyamaridza Clinic,Nyamaridza Clinic,2025,21,0,0.993118136934936,99.3,0.36363636363636365,0.36363636363636365
Nyamaridza Clinic,Nyamaridza Clinic,2025,22,0,0.9934239553287625,99.3,0.09090909090909091,0.09090909090909091
Nyamaridza Clinic,Nyamaridza Clinic,2025,23,0,0.9933707953430713,99.3,0.09090909090909091,0.09090909090909091
Nyamaridza Clinic,Nyamaridza Clinic,2025,24,0,0.9937480674125254,99.4,0.09090909090909091,0.09090909090909091
Nyamaridza Clinic,Nyamaridza Clinic,2025,25,0,0.9939658158458768,99.4,0.09090909090909091,0.09090909090909091
Nyamaridza Clinic,Nyamaridza Clinic,2025,26,0,0.9929160881787538,99.3,0.0,0.0
Nyamaridza Clinic,Nyamaridza Clinic,2025,27,0,0.9939955025911331,99.4,0.09090909090909091,0.09090909090909091
Nyamaridza Clinic,Nyamaridza Clinic,2025,28,0,0.9941083176992833,99.4,0.0,0.0
Nyamaridza Clinic,Nyamaridza Clinic,2025,29,0,0.9941155781969429,99.4,0.0,0.0
Nyamaridza Clinic,Nyamaridza Clinic,2025,30,0,0.9940652821213007,99.4,0.0,0.0
Nyamaridza Clinic,Nyamaridza Clinic,2025,31,0,0.9943811805918812,99.4,0.0,0.0
Nyamaridza Clinic,Nyamaridza Clinic,2025,32,0,0.9949127146042882,99.5,0.0,0.0
Nyamaridza Clinic,Nyamaridza Clinic,2025,33,0,0.9935316313058138,99.4,0.0,0.0
Nyamaridza Clinic,Nyamaridza Clinic,2025,34,0,0.9931635898537934,99.3,0.09090909090909091,0.09090909090909091
Nyamaridza Clinic,Nyamaridza Clinic,2025,35,0,0.9930807581171393,99.3,0.0,0.0
Nyamaridza Clinic,Nyamaridza Clinic,2025,36,0,0.9926977386698126,99.3,0.0,0.0
Nyamaridza Clinic,Nyamaridza Clinic,2025,37,0,0.9919249536469579,99.2,0.09090909090909091,0.09090909090909091
Nyamaridza Clinic,Nyamaridza Clinic,2025,38,0,0.9920936394482851,99.2,0.0,0.0
Nyamaridza Clinic,Nyamaridza Clinic,2025,39,0,0.9930443793535233,99.3,0.09090909090909091,0.09090909090909091
Nyamaridza Clinic,Nyamaridza Clinic,2025,40,0,0.9917393894866109,99.2,0.09090909090909091,0.09090909090909091
Nyamaridza Clinic,Nyamaridza Clinic,2025,41,0,0.9917385348118841,99.2,0.0,0.0
Nyamaridza Clinic,Nyamaridza Clinic,2025,42,0,0.992236703261733,99.2,0.0,0.0
Nyamaridza Clinic,Nyamaridza Clinic,2025,43,0,0.9929243591614068,99.3,0.0,0.0
Nyamaridza Clinic,Nyamaridza Clinic,2025,44,0,0.9927090600132942,99.3,0.09090909090909091,0.09090909090909091
Nyamaridza Clinic,Nyamaridza Clinic,2025,45,0,0.9928064779378474,99.3,0.2727272727272727,0.2727272727272727
Nyamaridza Clinic,Nyamaridza Clinic,2025,46,0,0.9923245535232126,99.2,0.0,0.0
Nyamaridza Clinic,Nyamaridza Clinic,2025,47,0,0.9932263650931417,99.3,0.09090909090909091,0.09090909090909091
Nyamaridza Clinic,Nyamaridza Clinic,2025,48,0,0.9929468981921672,99.3,0.0,0.0
Nyamaridza Clinic,Nyamaridza Clinic,2025,49,0,0.9915674936026335,99.2,0.0,0.0
Nyamaridza Clinic,Nyamaridza Clinic,2025,50,0,0.9917915689758956,99.2,0.09090909090909091,0.09090909090909091
Nyamaridza Clinic,Nyamaridza Clinic,2025,51,0,0.9911969976499677,99.1,0.0,0.0
Nyamaridza Clinic,Nyamaridza Clinic,2025,52,0,0.9902123034931718,99.0,0.0,0.0
Range clinic,Range clinic,2025,1,4,0.7876600985093549,78.8,2.5,2.5
Range clinic,Range clinic,2025,2,7,0.7728308417580344,77.3,3.8,3.8
Range clinic,Range clinic,2025,3,1,0.844005997614427,84.4,3.3,3.3
Range clinic,Range clinic,2025,4,1,0.8291484894237734,82.9,5.6,5.6
Range clinic,Range clinic,2025,5,6,0.840890016555786,84.1,4.818181818181818,4.818181818181818
Range clinic,Range clinic,2025,6,6,0.8850261464715004,88.5,3.8181818181818183,3.8181818181818183
Range clinic,Range clinic,2025,7,6,0.9031588003039359,90.3,2.8181818181818183,2.8181818181818183
Range clinic,Range clinic,2025,8,6,0.7784641348797341,77.8,3.727272727272727,3.727272727272727
Range clinic,Range clinic,2025,9,7,0.939285910129547,93.9,4.363636363636363,4.363636363636363
Range clinic,Range clinic,2025,10,7,0.9118530392646789,91.2,5.2727272727272725,5.2727272727272725
Range clinic,Range clinic,2025,11,9,0.9090683564543725,90.9,5.7272727272727275,5.7272727272727275
Range clinic,Range clinic,2025,12,9,0.9027116626501084,90.3,18.09090909090909,18.09090909090909
Range clinic,Range clinic,2025,13,10,0.9338575378060341,93.4,13.0,13.0
Range clinic,Range clinic,2025,14,11,0.8961410336378144,89.6,21.181818181818183,21.181818181818183
Range clinic,Range clinic,2025,15,12,0.9273055374622345,92.7,40.63636363636363,40.63636363636363
Range clinic,Range clinic,2025,16,10,0.9264022770212657,92.6,16.0,16.0
Range clinic,Range clinic,2025,17,10,0.9327416442334651,93.3,48.90909090909091,48.90909090909091
Range clinic,Range clinic,2025,18,8,0.9471287913620472,94.7,42.63636363636363,42.63636363636363
Range clinic,Range clinic,2025,19,8,0.9332147389650345,93.3,35.09090909090909,35.09090909090909
Range clinic,Range clinic,2025,20,7,0.9467030003666876,94.7,29.272727272727273,29.272727272727273
Range clinic,Range clinic,2025,21,6,0.9217057451605797,92.2,16.636363636363637,16.636363636363637
Range clinic,Range clinic,2025,22,5,0.9204982690513133,92.0,6.818181818181818,6.818181818181818
Range clinic,Range clinic,2025,23,4,0.9328949771821498,93.3,7.181818181818182,7.181818181818182
Range clinic,Range clinic,2025,24,4,0.9442211970686911,94.4,8.181818181818182,8.181818181818182
Range clinic,Range clinic,2025,25,4,0.919591303432689,92.0,3.090909090909091,3.090909090909091
Range clinic,Range clinic,2025,26,4,0.7513911724090576,75.1,3.5454545454545454,3.5454545454545454
Range clinic,Range clinic,2025,27,4,0.9105855147043864,91.1,1.1818181818181819,1.1818181818181819
Range clinic,Range clinic,2025,28,3,0.791283357143402,79.1,0.45454545454545453,0.45454545454545453
Range clinic,Range clinic,2025,29,3,0.9373173601925373,93.7,1.0,1.0
Range clinic,Range clinic,2025,30,3,0.6366540948549906,63.7,0.6363636363636364,0.6363636363636364
Range clinic,Range clinic,2025,31,3,0.6763900677363077,67.6,0.6363636363636364,0.6363636363636364
Range clinic,Range clinic,2025,32,3,0.957054067030549,95.7,0.6363636363636364,0.6363636363636364
Range clinic,Range clinic,2025,33,3,0.7411121904850005,74.1,0.5454545454545454,0.5454545454545454
Range clinic,Range clinic,2025,34,3,0.9525446623563767,95.3,0.36363636363636365,0.36363636363636365
Range clinic,Range clinic,2025,35,3,0.9484131895005703,94.8,1.1818181818181819,1.1818181818181819
Range clinic,Range clinic,2025,36,4,0.9298295281827449,93.0,1.0,1.0
Range clinic,Range clinic,2025,37,5,0.7519465923309325,75.2,0.45454545454545453,0.45454545454545453
Range clinic,Range clinic,2025,38,4,0.9291927496592203,92.9,1.7272727272727273,1.7272727272727273
Range clinic,Range clinic,2025,39,4,0.8416283011436463,84.2,1.1818181818181819,1.1818181818181819
Range clinic,Range clinic,2025,40,4,0.8583811879158019,85.8,1.1818181818181819,1.1818181818181819
Range clinic,Range clinic,2025,41,3,0.9343285620212554,93.4,2.5454545454545454,2.5454545454545454
Range clinic,Range clinic,2025,42,2,0.7305798649787902,73.1,0.2727272727272727,0.2727272727272727
Range clinic,Range clinic,2025,43,2,0.7110450387001037,71.1,0.45454545454545453,0.45454545454545453
Range clinic,Range clinic,2025,44,1,0.6836637377738952,68.4,0.18181818181818182,0.18181818181818182
Range clinic,Range clinic,2025,45,1,0.7802366256713866,78.0,0.36363636363636365,0.36363636363636365
Range clinic,Range clinic,2025,46,2,0.7926337093114852,79.3,0.2727272727272727,0.2727272727272727
Range clinic,Range clinic,2025,47,2,0.7832989662885665,78.3,0.0,0.0
Range clinic,Range clinic,2025,48,2,0.8263136669993401,82.6,0.18181818181818182,0.18181818181818182
Range clinic,Range clinic,2025,49,2,0.8225600033998488,82.3,0.18181818181818182,0.18181818181818182
Range clinic,Range clinic,2025,50,2,0.697626382112503,69.8,0.6363636363636364,0.6363636363636364
Range clinic,Range clinic,2025,51,2,0.8852275550365447,88.5,0.5454545454545454,0.5454545454545454
Range clinic,Range clinic,2025,52,3,0.4994528710842132,49.9,0.36363636363636365,0.36363636363636365
St. Albert's Hospital,St. Albert's Hospital,2025,1,2,0.7300816469571807,73.0,1.6,1.6
St. Albert's Hospital,St. Albert's Hospital,2025,2,4,0.4205089532516219,42.1,2.2,2.2
St. Albert's Hospital,St. Albert's Hospital,2025,3,4,0.5061971314928748,50.6,2.3,2.3
St. Albert's Hospital,St. Albert's Hospital,2025,4,1,0.7042548515579916,70.4,3.1,3.1
St. Albert's Hospital,St. Albert's Hospital,2025,5,5,0.3583426237106323,35.8,2.1818181818181817,2.1818181818181817
St. Albert's Hospital,St. Albert's Hospital,2025,6,4,0.6872477743360731,68.7,2.8181818181818183,2.8181818181818183
St. Albert's Hospital,St. Albert's Hospital,2025,7,4,0.3,30.0,1.7272727272727273,1.7272727272727273
St. Albert's Hospital,St. Albert's Hospital,2025,8,4,0.4477279722690582,44.8,3.1818181818181817,3.1818181818181817
St. Albert's Hospital,St. Albert's Hospital,2025,9,5,0.5747906208038329,57.5,2.727272727272727,2.727272727272727
St. Albert's Hospital,St. Albert's Hospital,2025,10,5,0.3,30.0,1.0909090909090908,1.0909090909090908
St. Albert's Hospital,St. Albert's Hospital,2025,11,7,0.5987735447130704,59.9,5.2727272727272725,5.2727272727272725
St. Albert's Hospital,St. Albert's Hospital,2025,12,7,0.571302917599678,57.1,5.090909090909091,5.090909090909091
St. Albert's Hospital,St. Albert's Hospital,2025,13,8,0.5784222602844238,57.8,10.181818181818182,10.181818181818182
St. Albert's Hospital,St. Albert's Hospital,2025,14,8,0.647353716691335,64.7,11.909090909090908,11.909090909090908
St. Albert's Hospital,St. Albert's Hospital,2025,15,9,0.746580725449782,74.7,18.09090909090909,18.09090909090909
St. Albert's Hospital,St. Albert's Hospital,2025,16,7,0.7548937892913818,75.5,18.0,18.0
St. Albert's Hospital,St. Albert's Hospital,2025,17,7,0.7422346803877089,74.2,29.272727272727273,29.272727272727273
St. Albert's Hospital,St. Albert's Hospital,2025,18,6,0.8091782208146718,80.9,16.181818181818183,16.181818181818183
St. Albert's Hospital,St. Albert's Hospital,2025,19,6,0.708349666595459,70.8,23.818181818181817,23.818181818181817
St. Albert's Hospital,St. Albert's Hospital,2025,20,5,0.8201226743062338,82.0,23.0,23.0
St. Albert's Hospital,St. Albert's Hospital,2025,21,5,0.5999194145202636,60.0,13.545454545454545,13.545454545454545
St. Albert's Hospital,St. Albert's Hospital,2025,22,4,0.8686142158508301,86.9,12.818181818181818,12.818181818181818
St. Albert's Hospital,St. Albert's Hospital,2025,23,4,0.8230329220111554,82.3,8.090909090909092,8.090909090909092
St. Albert's Hospital,St. Albert's Hospital,2025,24,4,0.7543240388234456,75.4,5.454545454545454,5.454545454545454
St. Albert's Hospital,St. Albert's Hospital,2025,25,3,0.7058190345764159,70.6,4.0,4.0
St. Albert's Hospital,St. Albert's Hospital,2025,26,4,0.7387857770919799,73.9,5.454545454545454,5.454545454545454
St. Albert's Hospital,St. Albert's Hospital,2025,27,4,0.7099745869636536,71.0,6.090909090909091,6.090909090909091
St. Albert's Hospital,St. Albert's Hospital,2025,28,3,0.6914052367210388,69.1,3.090909090909091,3.090909090909091
St. Albert's Hospital,St. Albert's Hospital,2025,29,3,0.5986109733581543,59.9,3.727272727272727,3.727272727272727
St. Albert's Hospital,St. Albert's Hospital,2025,30,3,0.7513349962234497,75.1,4.181818181818182,4.181818181818182
St. Albert's Hospital,St. Albert's Hospital,2025,31,3,0.7785787105560302,77.9,3.8181818181818183,3.8181818181818183
St. Albert's Hospital,St. Albert's Hospital,2025,32,3,0.5587779521942138,55.9,1.0909090909090908,1.0909090909090908
St. Albert's Hospital,St. Albert's Hospital,2025,33,3,0.5406613826751708,54.1,2.090909090909091,2.090909090909091
St. Albert's Hospital,St. Albert's Hospital,2025,34,3,0.5999159097671509,60.0,2.090909090909091,2.090909090909091
St. Albert's Hospital,St. Albert's Hospital,2025,35,3,0.5147553324699401,51.5,2.3636363636363638,2.3636363636363638
St. Albert's Hospital,St. Albert's Hospital,2025,36,3,0.3,30.0,0.7272727272727273,0.7272727272727273
St. Albert's Hospital,St. Albert's Hospital,2025,37,4,0.7045441574520535,70.5,2.8181818181818183,2.8181818181818183
St. Albert's Hospital,St. Albert's Hospital,2025,38,4,0.6096807360649108,61.0,3.272727272727273,3.272727272727273
St. Albert's Hospital,St. Albert's Hospital,2025,39,4,0.3,30.0,3.0,3.0
St. Albert's Hospital,St. Albert's Hospital,2025,40,4,0.6761834096908569,67.6,5.090909090909091,5.090909090909091
St. Albert's Hospital,St. Albert's Hospital,2025,41,3,0.7081283887227375,70.8,2.909090909090909,2.909090909090909
St. Albert's Hospital,St. Albert's Hospital,2025,42,2,0.3094458937644958,30.9,1.5454545454545454,1.5454545454545454
St. Albert's Hospital,St. Albert's Hospital,2025,43,2,0.6064393818378448,60.6,1.6363636363636365,1.6363636363636365
St. Albert's Hospital,St. Albert's Hospital,2025,44,2,0.6073199093341828,60.7,1.9090909090909092,1.9090909090909092
St. Albert's Hospital,St. Albert's Hospital,2025,45,2,0.5273146986961365,52.7,0.6363636363636364,0.6363636363636364
St. Albert's Hospital,St. Albert's Hospital,2025,46,2,0.6299772202968597,63.0,0.9090909090909091,0.9090909090909091
St. Albert's Hospital,St. Albert's Hospital,2025,47,2,0.7177030682563781,71.8,1.5454545454545454,1.5454545454545454
St. Albert's Hospital,St. Albert's Hospital,2025,48,2,0.5776942729949951,57.8,0.6363636363636364,0.6363636363636364
St. Albert's Hospital,St. Albert's Hospital,2025,49,2,0.4823755860328674,48.2,0.6363636363636364,0.6363636363636364
St. Albert's Hospital,St. Albert's Hospital,2025,50,2,0.6546587765216827,65.5,1.5454545454545454,1.5454545454545454
St. Albert's Hospital,St. Albert's Hospital,2025,51,3,0.6714658826589583,67.1,1.1818181818181819,1.1818181818181819
St. Albert's Hospital,St. Albert's Hospital,2025,52,4,0.6764749884605408,67.6,1.5454545454545454,1.5454545454545454
machaya clinic,machaya clinic,2025,1,4,0.2727272727272727,27.3,3.0,3.0
machaya clinic,machaya clinic,2025,2,6,0.728492752530358,72.8,6.8,6.8
machaya clinic,machaya clinic,2025,3,5,0.7030742802403189,70.3,7.7,7.7
machaya clinic,machaya clinic,2025,4,5,0.7370303032976209,73.7,7.5,7.5
machaya clinic,machaya clinic,2025,5,6,0.7426500678062439,74.3,8.181818181818182,8.181818181818182
machaya clinic,machaya clinic,2025,6,5,0.6639609336853027,66.4,11.727272727272727,11.727272727272727
machaya clinic,machaya clinic,2025,7,5,0.4425022602081299,44.3,8.727272727272727,8.727272727272727
machaya clinic,machaya clinic,2025,8,5,0.7538581013679504,75.4,12.727272727272727,12.727272727272727
machaya clinic,machaya clinic,2025,9,6,0.7347413420677185,73.5,14.272727272727273,14.272727272727273
machaya clinic,machaya clinic,2025,10,7,0.7118033812596247,71.2,16.818181818181817,16.818181818181817
machaya clinic,machaya clinic,2025,11,8,0.6695594829061756,67.0,23.545454545454547,23.545454545454547
machaya clinic,machaya clinic,2025,12,9,0.7578892881220037,75.8,26.727272727272727,26.727272727272727
machaya clinic,machaya clinic,2025,13,10,0.7999214887619018,80.0,39.54545454545455,39.54545454545455
machaya clinic,machaya clinic,2025,14,10,0.9465587317943573,94.7,58.54545454545455,58.54545454545455
machaya clinic,machaya clinic,2025,15,12,0.9006794535319009,90.1,63.90909090909091,63.90909090909091
machaya clinic,machaya clinic,2025,16,9,0.9125696724707926,91.3,61.0,61.0
machaya clinic,machaya clinic,2025,17,11,0.8894259516398111,88.9,108.0909090909091,108.0909090909091
machaya clinic,machaya clinic,2025,18,9,0.8905172502672349,89.1,104.36363636363636,104.36363636363636
machaya clinic,machaya clinic,2025,19,9,0.7697985529899597,77.0,62.18181818181818,62.18181818181818
machaya clinic,machaya clinic,2025,20,7,0.8768642822901407,87.7,99.81818181818181,99.81818181818181
machaya clinic,machaya clinic,2025,21,6,0.9686609649658202,96.9,60.18181818181818,60.18181818181818
machaya clinic,machaya clinic,2025,22,5,0.3639654159545898,36.4,51.27272727272727,51.27272727272727
machaya clinic,machaya clinic,2025,23,5,0.8276096661885579,82.8,47.63636363636363,47.63636363636363
machaya clinic,machaya clinic,2025,24,4,0.727555674891318,72.8,38.09090909090909,38.09090909090909
machaya clinic,machaya clinic,2025,25,4,0.8949770198148839,89.5,23.0,23.0
machaya clinic,machaya clinic,2025,26,5,0.7302965863545735,73.0,24.636363636363637,24.636363636363637
machaya clinic,machaya clinic,2025,27,5,0.6945533972520095,69.5,16.727272727272727,16.727272727272727
machaya clinic,machaya clinic,2025,28,4,0.8540407551659477,85.4,12.727272727272727,12.727272727272727
machaya clinic,machaya clinic,2025,29,4,0.8871223449707031,88.7,9.181818181818182,9.181818181818182
machaya clinic,machaya clinic,2025,30,4,0.6995418548583985,70.0,10.636363636363637,10.636363636363637
machaya clinic,machaya clinic,2025,31,4,0.7008500734965006,70.1,9.090909090909092,9.090909090909092
machaya clinic,machaya clinic,2025,32,3,0.3,30.0,5.7272727272727275,5.7272727272727275
machaya clinic,machaya clinic,2025,33,4,0.5818023920059204,58.2,4.454545454545454,4.454545454545454
machaya clinic,machaya clinic,2025,34,4,0.5976271239194002,59.8,9.0,9.0
machaya clinic,machaya clinic,2025,35,4,0.6268336653709412,62.7,8.272727272727273,8.272727272727273
machaya clinic,machaya clinic,2025,36,4,0.4963799953460693,49.6,5.2727272727272725,5.2727272727272725
machaya clinic,machaya clinic,2025,37,5,0.7918064498901367,79.2,8.545454545454545,8.545454545454545
machaya clinic,machaya clinic,2025,38,5,0.6798553986982865,68.0,9.0,9.0
machaya clinic,machaya clinic,2025,39,5,0.6907965278625487,69.1,7.2727272727272725,7.2727272727272725
machaya clinic,machaya clinic,2025,40,5,0.557792325173655,55.8,8.454545454545455,8.454545454545455
machaya clinic,machaya clinic,2025,41,3,0.6089614272117614,60.9,4.545454545454546,4.545454545454546
machaya clinic,machaya clinic,2025,42,2,0.7338990052541097,73.4,2.909090909090909,2.909090909090909
machaya clinic,machaya clinic,2025,43,2,0.5790788173675536,57.9,2.1818181818181817,2.1818181818181817
machaya clinic,machaya clinic,2025,44,2,0.35318154096603394,35.3,0.9090909090909091,0.9090909090909091
machaya clinic,machaya clinic,2025,45,2,0.620939032236735,62.1,1.2727272727272727,1.2727272727272727
machaya clinic,machaya clinic,2025,46,2,0.44998494982719417,45.0,0.6363636363636364,0.6363636363636364
machaya clinic,machaya clinic,2025,47,2,0.6832712888717651,68.3,0.6363636363636364,0.6363636363636364
machaya clinic,machaya clinic,2025,48,2,0.5703610569238662,57.0,0.8181818181818182,0.8181818181818182
machaya clinic,machaya clinic,2025,49,2,0.5029461085796356,50.3,0.2727272727272727,0.2727272727272727
machaya clinic,machaya clinic,2025,50,2,0.6270113786061604,62.7,0.45454545454545453,0.45454545454545453
machaya clinic,machaya clinic,2025,51,3,0.5402514517307281,54.0,1.2727272727272727,1.2727272727272727
machaya clinic,machaya clinic,2025,52,4,0.6707431942224502,67.1,2.0,2.0
